"region","year","units","value","scenario","level"
"ABW","2005","ug/m3",4.32450347434817,"Central_NDC-LTT","WORLD-CTRY"
"AFG","2005","ug/m3",40.3148678455154,"Central_NDC-LTT","WORLD-CTRY"
"AGO","2005","ug/m3",9.28201426319577,"Central_NDC-LTT","WORLD-CTRY"
"AIA","2005","ug/m3",1.21707450018989,"Central_NDC-LTT","WORLD-CTRY"
"ALB","2005","ug/m3",12.8627438662325,"Central_NDC-LTT","WORLD-CTRY"
"AND","2005","ug/m3",12.4482199106968,"Central_NDC-LTT","WORLD-CTRY"
"ARE","2005","ug/m3",46.5824057463944,"Central_NDC-LTT","WORLD-CTRY"
"ARG","2005","ug/m3",6.59983242127162,"Central_NDC-LTT","WORLD-CTRY"
"ARM","2005","ug/m3",14.7434215825145,"Central_NDC-LTT","WORLD-CTRY"
"ASM","2005","ug/m3",1.10648542347521,"Central_NDC-LTT","WORLD-CTRY"
"ATF","2005","ug/m3",3.28821625411475,"Central_NDC-LTT","WORLD-CTRY"
"ATG","2005","ug/m3",3.88102739735654,"Central_NDC-LTT","WORLD-CTRY"
"AUS","2005","ug/m3",5.67183559521491,"Central_NDC-LTT","WORLD-CTRY"
"AUT","2005","ug/m3",14.6724594255228,"Central_NDC-LTT","WORLD-CTRY"
"AZE","2005","ug/m3",18.2926378531706,"Central_NDC-LTT","WORLD-CTRY"
"BDI","2005","ug/m3",9.84621610660956,"Central_NDC-LTT","WORLD-CTRY"
"BEL","2005","ug/m3",18.5126517511727,"Central_NDC-LTT","WORLD-CTRY"
"BEN","2005","ug/m3",38.9446048455265,"Central_NDC-LTT","WORLD-CTRY"
"BFA","2005","ug/m3",32.1749099080144,"Central_NDC-LTT","WORLD-CTRY"
"BGD","2005","ug/m3",54.4362892461727,"Central_NDC-LTT","WORLD-CTRY"
"BGR","2005","ug/m3",15.6595176697878,"Central_NDC-LTT","WORLD-CTRY"
"BHR","2005","ug/m3",37.1482831810045,"Central_NDC-LTT","WORLD-CTRY"
"BHS","2005","ug/m3",4.9526565100229,"Central_NDC-LTT","WORLD-CTRY"
"BIH","2005","ug/m3",15.1126111707731,"Central_NDC-LTT","WORLD-CTRY"
"BLM","2005","ug/m3",0,"Central_NDC-LTT","WORLD-CTRY"
"BLR","2005","ug/m3",9.46989499124631,"Central_NDC-LTT","WORLD-CTRY"
"BLZ","2005","ug/m3",14.0932534002996,"Central_NDC-LTT","WORLD-CTRY"
"BMU","2005","ug/m3",0,"Central_NDC-LTT","WORLD-CTRY"
"BOL","2005","ug/m3",11.0171679335726,"Central_NDC-LTT","WORLD-CTRY"
"BRA","2005","ug/m3",6.8091260634898,"Central_NDC-LTT","WORLD-CTRY"
"BRB","2005","ug/m3",4.9990087652499,"Central_NDC-LTT","WORLD-CTRY"
"BRN","2005","ug/m3",6.78145226852085,"Central_NDC-LTT","WORLD-CTRY"
"BTN","2005","ug/m3",24.7741362035591,"Central_NDC-LTT","WORLD-CTRY"
"BWA","2005","ug/m3",5.2837281916496,"Central_NDC-LTT","WORLD-CTRY"
"CAF","2005","ug/m3",18.4028483223802,"Central_NDC-LTT","WORLD-CTRY"
"CAN","2005","ug/m3",9.55150668837238,"Central_NDC-LTT","WORLD-CTRY"
"CHE","2005","ug/m3",18.1818006511429,"Central_NDC-LTT","WORLD-CTRY"
"CHL","2005","ug/m3",52.0201955274548,"Central_NDC-LTT","WORLD-CTRY"
"CHN","2005","ug/m3",41.9429735429388,"Central_NDC-LTT","WORLD-CTRY"
"CIV","2005","ug/m3",29.8196121304484,"Central_NDC-LTT","WORLD-CTRY"
"CMR","2005","ug/m3",29.0842711551252,"Central_NDC-LTT","WORLD-CTRY"
"COD","2005","ug/m3",16.1738832042792,"Central_NDC-LTT","WORLD-CTRY"
"COG","2005","ug/m3",22.4542083644934,"Central_NDC-LTT","WORLD-CTRY"
"COK","2005","ug/m3",0.407048008021186,"Central_NDC-LTT","WORLD-CTRY"
"COL","2005","ug/m3",17.3437282056789,"Central_NDC-LTT","WORLD-CTRY"
"COM","2005","ug/m3",1.16091527183547,"Central_NDC-LTT","WORLD-CTRY"
"CPV","2005","ug/m3",15.2538676241328,"Central_NDC-LTT","WORLD-CTRY"
"CRI","2005","ug/m3",9.19202272346869,"Central_NDC-LTT","WORLD-CTRY"
"CUB","2005","ug/m3",8.28389735702001,"Central_NDC-LTT","WORLD-CTRY"
"CUW","2005","ug/m3",5.34229114827975,"Central_NDC-LTT","WORLD-CTRY"
"CYM","2005","ug/m3",0.513815135666818,"Central_NDC-LTT","WORLD-CTRY"
"CYN","2005","ug/m3",18.3114082891537,"Central_NDC-LTT","WORLD-CTRY"
"CYP","2005","ug/m3",20.300289554659,"Central_NDC-LTT","WORLD-CTRY"
"CZE","2005","ug/m3",15.0327877885054,"Central_NDC-LTT","WORLD-CTRY"
"DEU","2005","ug/m3",17.3196139556592,"Central_NDC-LTT","WORLD-CTRY"
"DJI","2005","ug/m3",15.6016530534223,"Central_NDC-LTT","WORLD-CTRY"
"DMA","2005","ug/m3",6.67767347701608,"Central_NDC-LTT","WORLD-CTRY"
"DNK","2005","ug/m3",13.0799500368025,"Central_NDC-LTT","WORLD-CTRY"
"DOM","2005","ug/m3",11.3356812427516,"Central_NDC-LTT","WORLD-CTRY"
"DZA","2005","ug/m3",22.6736729701035,"Central_NDC-LTT","WORLD-CTRY"
"ECU","2005","ug/m3",11.6258752831528,"Central_NDC-LTT","WORLD-CTRY"
"EGY","2005","ug/m3",50.6225597620598,"Central_NDC-LTT","WORLD-CTRY"
"ERI","2005","ug/m3",14.6445139533221,"Central_NDC-LTT","WORLD-CTRY"
"ESP","2005","ug/m3",13.9889580836806,"Central_NDC-LTT","WORLD-CTRY"
"EST","2005","ug/m3",5.75021876331595,"Central_NDC-LTT","WORLD-CTRY"
"ETH","2005","ug/m3",9.91101367625466,"Central_NDC-LTT","WORLD-CTRY"
"FIN","2005","ug/m3",4.86114628937078,"Central_NDC-LTT","WORLD-CTRY"
"FJI","2005","ug/m3",1.51941997731358,"Central_NDC-LTT","WORLD-CTRY"
"FLK","2005","ug/m3",2.13567021326824,"Central_NDC-LTT","WORLD-CTRY"
"FRA","2005","ug/m3",16.2402571986817,"Central_NDC-LTT","WORLD-CTRY"
"FRO","2005","ug/m3",3.77952819586732,"Central_NDC-LTT","WORLD-CTRY"
"FSM","2005","ug/m3",1.16032508190119,"Central_NDC-LTT","WORLD-CTRY"
"GAB","2005","ug/m3",17.5806883290147,"Central_NDC-LTT","WORLD-CTRY"
"GBR","2005","ug/m3",12.9275864671629,"Central_NDC-LTT","WORLD-CTRY"
"GEO","2005","ug/m3",11.6737908843737,"Central_NDC-LTT","WORLD-CTRY"
"GGY","2005","ug/m3",7.03228856722514,"Central_NDC-LTT","WORLD-CTRY"
"GHA","2005","ug/m3",35.2566057972344,"Central_NDC-LTT","WORLD-CTRY"
"GIN","2005","ug/m3",26.2343012460122,"Central_NDC-LTT","WORLD-CTRY"
"GMB","2005","ug/m3",29.0842433225267,"Central_NDC-LTT","WORLD-CTRY"
"GNB","2005","ug/m3",26.0549210077709,"Central_NDC-LTT","WORLD-CTRY"
"GNQ","2005","ug/m3",17.2105173609417,"Central_NDC-LTT","WORLD-CTRY"
"GRC","2005","ug/m3",17.347143354755,"Central_NDC-LTT","WORLD-CTRY"
"GRD","2005","ug/m3",4.6396881352123,"Central_NDC-LTT","WORLD-CTRY"
"GRL","2005","ug/m3",4.02375646008015,"Central_NDC-LTT","WORLD-CTRY"
"GTM","2005","ug/m3",18.4989031226138,"Central_NDC-LTT","WORLD-CTRY"
"GUM","2005","ug/m3",4.31818132162094,"Central_NDC-LTT","WORLD-CTRY"
"GUY","2005","ug/m3",9.03247198142355,"Central_NDC-LTT","WORLD-CTRY"
"HKG","2005","ug/m3",29.7614472109733,"Central_NDC-LTT","WORLD-CTRY"
"HMD","2005","ug/m3",1.23320298596522,"Central_NDC-LTT","WORLD-CTRY"
"HND","2005","ug/m3",14.6515182003499,"Central_NDC-LTT","WORLD-CTRY"
"HRV","2005","ug/m3",12.8282417371695,"Central_NDC-LTT","WORLD-CTRY"
"HTI","2005","ug/m3",11.2718301658865,"Central_NDC-LTT","WORLD-CTRY"
"HUN","2005","ug/m3",14.6673468584126,"Central_NDC-LTT","WORLD-CTRY"
"IDN","2005","ug/m3",9.81662140805244,"Central_NDC-LTT","WORLD-CTRY"
"IMN","2005","ug/m3",7.89724652444163,"Central_NDC-LTT","WORLD-CTRY"
"IND","2005","ug/m3",40.3563789197448,"Central_NDC-LTT","WORLD-CTRY"
"IOA","2005","ug/m3",3.99070672742252,"Central_NDC-LTT","WORLD-CTRY"
"IOT","2005","ug/m3",0,"Central_NDC-LTT","WORLD-CTRY"
"IRL","2005","ug/m3",8.10078764912785,"Central_NDC-LTT","WORLD-CTRY"
"IRN","2005","ug/m3",31.4464622419369,"Central_NDC-LTT","WORLD-CTRY"
"IRQ","2005","ug/m3",23.8058127286033,"Central_NDC-LTT","WORLD-CTRY"
"ISL","2005","ug/m3",3.35121579949828,"Central_NDC-LTT","WORLD-CTRY"
"ISR","2005","ug/m3",27.7988566773431,"Central_NDC-LTT","WORLD-CTRY"
"ITA","2005","ug/m3",22.5580481603741,"Central_NDC-LTT","WORLD-CTRY"
"JAM","2005","ug/m3",13.2271894354996,"Central_NDC-LTT","WORLD-CTRY"
"JEY","2005","ug/m3",6.23309435075329,"Central_NDC-LTT","WORLD-CTRY"
"JOR","2005","ug/m3",30.6311521687979,"Central_NDC-LTT","WORLD-CTRY"
"JPN","2005","ug/m3",18.8780985063329,"Central_NDC-LTT","WORLD-CTRY"
"KAS","2005","ug/m3",5.61714581957086,"Central_NDC-LTT","WORLD-CTRY"
"KAZ","2005","ug/m3",16.0319251250519,"Central_NDC-LTT","WORLD-CTRY"
"KEN","2005","ug/m3",4.77135638876716,"Central_NDC-LTT","WORLD-CTRY"
"KGZ","2005","ug/m3",26.7958449784001,"Central_NDC-LTT","WORLD-CTRY"
"KHM","2005","ug/m3",11.9741181903281,"Central_NDC-LTT","WORLD-CTRY"
"KIR","2005","ug/m3",0.0766449754601283,"Central_NDC-LTT","WORLD-CTRY"
"KNA","2005","ug/m3",3.54950123753039,"Central_NDC-LTT","WORLD-CTRY"
"KOR","2005","ug/m3",33.540263773897,"Central_NDC-LTT","WORLD-CTRY"
"KOS","2005","ug/m3",15.7532114498131,"Central_NDC-LTT","WORLD-CTRY"
"KWT","2005","ug/m3",40.1858003105359,"Central_NDC-LTT","WORLD-CTRY"
"LAO","2005","ug/m3",19.9525958594803,"Central_NDC-LTT","WORLD-CTRY"
"LBN","2005","ug/m3",24.3325362982865,"Central_NDC-LTT","WORLD-CTRY"
"LBR","2005","ug/m3",26.1091289882169,"Central_NDC-LTT","WORLD-CTRY"
"LBY","2005","ug/m3",26.0024828319263,"Central_NDC-LTT","WORLD-CTRY"
"LCA","2005","ug/m3",7.76696087387451,"Central_NDC-LTT","WORLD-CTRY"
"LIE","2005","ug/m3",15.1876848986049,"Central_NDC-LTT","WORLD-CTRY"
"LKA","2005","ug/m3",13.5535729184769,"Central_NDC-LTT","WORLD-CTRY"
"LSO","2005","ug/m3",13.7619714467807,"Central_NDC-LTT","WORLD-CTRY"
"LTU","2005","ug/m3",10.1629050066748,"Central_NDC-LTT","WORLD-CTRY"
"LUX","2005","ug/m3",15.1472124087475,"Central_NDC-LTT","WORLD-CTRY"
"LVA","2005","ug/m3",8.03337437599918,"Central_NDC-LTT","WORLD-CTRY"
"MAC","2005","ug/m3",42.1380945205688,"Central_NDC-LTT","WORLD-CTRY"
"MAF","2005","ug/m3",0,"Central_NDC-LTT","WORLD-CTRY"
"MAR","2005","ug/m3",9.62820771273975,"Central_NDC-LTT","WORLD-CTRY"
"MCO","2005","ug/m3",13.305411529541,"Central_NDC-LTT","WORLD-CTRY"
"MDA","2005","ug/m3",8.51518065831125,"Central_NDC-LTT","WORLD-CTRY"
"MDG","2005","ug/m3",2.22829710365979,"Central_NDC-LTT","WORLD-CTRY"
"MDV","2005","ug/m3",0,"Central_NDC-LTT","WORLD-CTRY"
"MEX","2005","ug/m3",14.7009193867237,"Central_NDC-LTT","WORLD-CTRY"
"MHL","2005","ug/m3",0,"Central_NDC-LTT","WORLD-CTRY"
"MKD","2005","ug/m3",13.4299552608179,"Central_NDC-LTT","WORLD-CTRY"
"MLI","2005","ug/m3",35.0771540615173,"Central_NDC-LTT","WORLD-CTRY"
"MLT","2005","ug/m3",19.1810399748439,"Central_NDC-LTT","WORLD-CTRY"
"MMR","2005","ug/m3",15.5538934064154,"Central_NDC-LTT","WORLD-CTRY"
"MNE","2005","ug/m3",13.7181895969628,"Central_NDC-LTT","WORLD-CTRY"
"MNG","2005","ug/m3",21.6018831207554,"Central_NDC-LTT","WORLD-CTRY"
"MNP","2005","ug/m3",2.1155016204206,"Central_NDC-LTT","WORLD-CTRY"
"MOZ","2005","ug/m3",4.7363486958144,"Central_NDC-LTT","WORLD-CTRY"
"MRT","2005","ug/m3",34.5218967985934,"Central_NDC-LTT","WORLD-CTRY"
"MSR","2005","ug/m3",3.41646630623761,"Central_NDC-LTT","WORLD-CTRY"
"MUS","2005","ug/m3",1.04481521945614,"Central_NDC-LTT","WORLD-CTRY"
"MWI","2005","ug/m3",4.60647640098409,"Central_NDC-LTT","WORLD-CTRY"
"MYS","2005","ug/m3",9.73868227593186,"Central_NDC-LTT","WORLD-CTRY"
"NAM","2005","ug/m3",4.92992908943455,"Central_NDC-LTT","WORLD-CTRY"
"NCL","2005","ug/m3",2.79770855881735,"Central_NDC-LTT","WORLD-CTRY"
"NER","2005","ug/m3",45.5618170917013,"Central_NDC-LTT","WORLD-CTRY"
"NFK","2005","ug/m3",0.65457720369906,"Central_NDC-LTT","WORLD-CTRY"
"NGA","2005","ug/m3",46.577737751402,"Central_NDC-LTT","WORLD-CTRY"
"NIC","2005","ug/m3",9.50451020026895,"Central_NDC-LTT","WORLD-CTRY"
"NIU","2005","ug/m3",1.29029994885597,"Central_NDC-LTT","WORLD-CTRY"
"NLD","2005","ug/m3",19.1566169967783,"Central_NDC-LTT","WORLD-CTRY"
"NOR","2005","ug/m3",4.06034813809314,"Central_NDC-LTT","WORLD-CTRY"
"NPL","2005","ug/m3",38.6855359147801,"Central_NDC-LTT","WORLD-CTRY"
"NRU","2005","ug/m3",0.12410539129506,"Central_NDC-LTT","WORLD-CTRY"
"NZL","2005","ug/m3",4.94638114401125,"Central_NDC-LTT","WORLD-CTRY"
"OMN","2005","ug/m3",52.8431495763087,"Central_NDC-LTT","WORLD-CTRY"
"PAK","2005","ug/m3",47.0304625473067,"Central_NDC-LTT","WORLD-CTRY"
"PAN","2005","ug/m3",17.3742164644953,"Central_NDC-LTT","WORLD-CTRY"
"PCN","2005","ug/m3",0.188722263682972,"Central_NDC-LTT","WORLD-CTRY"
"PER","2005","ug/m3",9.88961122555066,"Central_NDC-LTT","WORLD-CTRY"
"PHL","2005","ug/m3",6.92524951992072,"Central_NDC-LTT","WORLD-CTRY"
"PLW","2005","ug/m3",1.64805712006616,"Central_NDC-LTT","WORLD-CTRY"
"PNG","2005","ug/m3",5.32636744036656,"Central_NDC-LTT","WORLD-CTRY"
"POL","2005","ug/m3",14.7951413813281,"Central_NDC-LTT","WORLD-CTRY"
"PRI","2005","ug/m3",6.24761836228899,"Central_NDC-LTT","WORLD-CTRY"
"PRK","2005","ug/m3",37.9069499476967,"Central_NDC-LTT","WORLD-CTRY"
"PRT","2005","ug/m3",12.2993530484515,"Central_NDC-LTT","WORLD-CTRY"
"PRY","2005","ug/m3",7.85061935052907,"Central_NDC-LTT","WORLD-CTRY"
"PSX","2005","ug/m3",25.1004324632411,"Central_NDC-LTT","WORLD-CTRY"
"PYF","2005","ug/m3",1.02110729489697,"Central_NDC-LTT","WORLD-CTRY"
"QAT","2005","ug/m3",43.2352788760575,"Central_NDC-LTT","WORLD-CTRY"
"ROU","2005","ug/m3",13.7112677978458,"Central_NDC-LTT","WORLD-CTRY"
"RUS","2005","ug/m3",10.5855376196841,"Central_NDC-LTT","WORLD-CTRY"
"RWA","2005","ug/m3",12.2462509705933,"Central_NDC-LTT","WORLD-CTRY"
"SAH","2005","ug/m3",27.1936085330021,"Central_NDC-LTT","WORLD-CTRY"
"SAU","2005","ug/m3",44.5683421043024,"Central_NDC-LTT","WORLD-CTRY"
"SDN","2005","ug/m3",21.2614111987952,"Central_NDC-LTT","WORLD-CTRY"
"SDS","2005","ug/m3",0.181120437456341,"Central_NDC-LTT","WORLD-CTRY"
"SEN","2005","ug/m3",31.5622123505923,"Central_NDC-LTT","WORLD-CTRY"
"SGP","2005","ug/m3",22.6184495355162,"Central_NDC-LTT","WORLD-CTRY"
"SGS","2005","ug/m3",2.55502907545014,"Central_NDC-LTT","WORLD-CTRY"
"SHN","2005","ug/m3",1.49607441332433,"Central_NDC-LTT","WORLD-CTRY"
"SLB","2005","ug/m3",2.81638644672595,"Central_NDC-LTT","WORLD-CTRY"
"SLE","2005","ug/m3",24.2087136857179,"Central_NDC-LTT","WORLD-CTRY"
"SLV","2005","ug/m3",16.2081324185072,"Central_NDC-LTT","WORLD-CTRY"
"SMR","2005","ug/m3",20.9620186106364,"Central_NDC-LTT","WORLD-CTRY"
"SOL","2005","ug/m3",12.871239113782,"Central_NDC-LTT","WORLD-CTRY"
"SOM","2005","ug/m3",8.16827873771254,"Central_NDC-LTT","WORLD-CTRY"
"SPM","2005","ug/m3",1.66345220185909,"Central_NDC-LTT","WORLD-CTRY"
"SRB","2005","ug/m3",15.6787928174654,"Central_NDC-LTT","WORLD-CTRY"
"STP","2005","ug/m3",8.33343574696017,"Central_NDC-LTT","WORLD-CTRY"
"SUR","2005","ug/m3",11.8315525226134,"Central_NDC-LTT","WORLD-CTRY"
"SVK","2005","ug/m3",17.0420247971174,"Central_NDC-LTT","WORLD-CTRY"
"SVN","2005","ug/m3",15.8834127095158,"Central_NDC-LTT","WORLD-CTRY"
"SWE","2005","ug/m3",6.92511224607485,"Central_NDC-LTT","WORLD-CTRY"
"SWZ","2005","ug/m3",18.194468111265,"Central_NDC-LTT","WORLD-CTRY"
"SXM","2005","ug/m3",3.48796116983568,"Central_NDC-LTT","WORLD-CTRY"
"SYC","2005","ug/m3",0.819457065207618,"Central_NDC-LTT","WORLD-CTRY"
"SYR","2005","ug/m3",28.252295668208,"Central_NDC-LTT","WORLD-CTRY"
"TCA","2005","ug/m3",3.07650209895351,"Central_NDC-LTT","WORLD-CTRY"
"TCD","2005","ug/m3",29.9835624445555,"Central_NDC-LTT","WORLD-CTRY"
"TGO","2005","ug/m3",38.53978835087,"Central_NDC-LTT","WORLD-CTRY"
"THA","2005","ug/m3",17.9289176740578,"Central_NDC-LTT","WORLD-CTRY"
"TJK","2005","ug/m3",27.831966467424,"Central_NDC-LTT","WORLD-CTRY"
"TKM","2005","ug/m3",35.4809492617643,"Central_NDC-LTT","WORLD-CTRY"
"TLS","2005","ug/m3",4.95885542125902,"Central_NDC-LTT","WORLD-CTRY"
"TON","2005","ug/m3",1.55557460403442,"Central_NDC-LTT","WORLD-CTRY"
"TTO","2005","ug/m3",5.98932404496734,"Central_NDC-LTT","WORLD-CTRY"
"TUN","2005","ug/m3",13.1796647535931,"Central_NDC-LTT","WORLD-CTRY"
"TUR","2005","ug/m3",15.7482004870439,"Central_NDC-LTT","WORLD-CTRY"
"TWN","2005","ug/m3",19.4857367319471,"Central_NDC-LTT","WORLD-CTRY"
"TZA","2005","ug/m3",5.0614209757039,"Central_NDC-LTT","WORLD-CTRY"
"UGA","2005","ug/m3",8.55312480297325,"Central_NDC-LTT","WORLD-CTRY"
"UKR","2005","ug/m3",9.15149318926883,"Central_NDC-LTT","WORLD-CTRY"
"URY","2005","ug/m3",4.0020107595613,"Central_NDC-LTT","WORLD-CTRY"
"USA","2005","ug/m3",13.4477328784717,"Central_NDC-LTT","WORLD-CTRY"
"UZB","2005","ug/m3",34.2038983984455,"Central_NDC-LTT","WORLD-CTRY"
"VAT","2005","ug/m3",26.2110900878906,"Central_NDC-LTT","WORLD-CTRY"
"VCT","2005","ug/m3",5.6249378799468,"Central_NDC-LTT","WORLD-CTRY"
"VEN","2005","ug/m3",10.1161469461333,"Central_NDC-LTT","WORLD-CTRY"
"VGB","2005","ug/m3",0.300544404146964,"Central_NDC-LTT","WORLD-CTRY"
"VIR","2005","ug/m3",4.26333758245894,"Central_NDC-LTT","WORLD-CTRY"
"VNM","2005","ug/m3",28.4802327513189,"Central_NDC-LTT","WORLD-CTRY"
"VUT","2005","ug/m3",3.10861226966826,"Central_NDC-LTT","WORLD-CTRY"
"WLF","2005","ug/m3",0.343565615538125,"Central_NDC-LTT","WORLD-CTRY"
"WSM","2005","ug/m3",1.35029961427687,"Central_NDC-LTT","WORLD-CTRY"
"YEM","2005","ug/m3",49.8915974369727,"Central_NDC-LTT","WORLD-CTRY"
"ZAF","2005","ug/m3",13.8249163705315,"Central_NDC-LTT","WORLD-CTRY"
"ZMB","2005","ug/m3",6.96867472627541,"Central_NDC-LTT","WORLD-CTRY"
"ZWE","2005","ug/m3",4.54210291155449,"Central_NDC-LTT","WORLD-CTRY"
"ABW","2010","ug/m3",4.27220224020049,"Central_NDC-LTT","WORLD-CTRY"
"AFG","2010","ug/m3",45.7124449523718,"Central_NDC-LTT","WORLD-CTRY"
"AGO","2010","ug/m3",9.77543613133133,"Central_NDC-LTT","WORLD-CTRY"
"AIA","2010","ug/m3",1.20235506693522,"Central_NDC-LTT","WORLD-CTRY"
"ALB","2010","ug/m3",13.2285216785308,"Central_NDC-LTT","WORLD-CTRY"
"AND","2010","ug/m3",10.9721234824153,"Central_NDC-LTT","WORLD-CTRY"
"ARE","2010","ug/m3",49.4748044798785,"Central_NDC-LTT","WORLD-CTRY"
"ARG","2010","ug/m3",7.75619805753742,"Central_NDC-LTT","WORLD-CTRY"
"ARM","2010","ug/m3",14.7233085026508,"Central_NDC-LTT","WORLD-CTRY"
"ASM","2010","ug/m3",1.10952425947284,"Central_NDC-LTT","WORLD-CTRY"
"ATF","2010","ug/m3",2.89830320075543,"Central_NDC-LTT","WORLD-CTRY"
"ATG","2010","ug/m3",3.83408966619222,"Central_NDC-LTT","WORLD-CTRY"
"AUS","2010","ug/m3",5.56242295660835,"Central_NDC-LTT","WORLD-CTRY"
"AUT","2010","ug/m3",14.5702412283313,"Central_NDC-LTT","WORLD-CTRY"
"AZE","2010","ug/m3",18.2443351078612,"Central_NDC-LTT","WORLD-CTRY"
"BDI","2010","ug/m3",10.0747986854326,"Central_NDC-LTT","WORLD-CTRY"
"BEL","2010","ug/m3",16.7177921940148,"Central_NDC-LTT","WORLD-CTRY"
"BEN","2010","ug/m3",38.8723979883728,"Central_NDC-LTT","WORLD-CTRY"
"BFA","2010","ug/m3",32.115254640756,"Central_NDC-LTT","WORLD-CTRY"
"BGD","2010","ug/m3",61.8810281445003,"Central_NDC-LTT","WORLD-CTRY"
"BGR","2010","ug/m3",14.1363309174832,"Central_NDC-LTT","WORLD-CTRY"
"BHR","2010","ug/m3",39.454897455611,"Central_NDC-LTT","WORLD-CTRY"
"BHS","2010","ug/m3",4.89275831314338,"Central_NDC-LTT","WORLD-CTRY"
"BIH","2010","ug/m3",15.5988725587783,"Central_NDC-LTT","WORLD-CTRY"
"BLM","2010","ug/m3",0,"Central_NDC-LTT","WORLD-CTRY"
"BLR","2010","ug/m3",11.4244482126889,"Central_NDC-LTT","WORLD-CTRY"
"BLZ","2010","ug/m3",13.9148465991524,"Central_NDC-LTT","WORLD-CTRY"
"BMU","2010","ug/m3",0,"Central_NDC-LTT","WORLD-CTRY"
"BOL","2010","ug/m3",10.7986866101534,"Central_NDC-LTT","WORLD-CTRY"
"BRA","2010","ug/m3",7.55521084580161,"Central_NDC-LTT","WORLD-CTRY"
"BRB","2010","ug/m3",4.93854998225815,"Central_NDC-LTT","WORLD-CTRY"
"BRN","2010","ug/m3",7.67175956623592,"Central_NDC-LTT","WORLD-CTRY"
"BTN","2010","ug/m3",28.1670206749271,"Central_NDC-LTT","WORLD-CTRY"
"BWA","2010","ug/m3",5.5574547501336,"Central_NDC-LTT","WORLD-CTRY"
"CAF","2010","ug/m3",18.8283005095768,"Central_NDC-LTT","WORLD-CTRY"
"CAN","2010","ug/m3",8.90115955314211,"Central_NDC-LTT","WORLD-CTRY"
"CHE","2010","ug/m3",17.4010703819069,"Central_NDC-LTT","WORLD-CTRY"
"CHL","2010","ug/m3",54.0870922204573,"Central_NDC-LTT","WORLD-CTRY"
"CHN","2010","ug/m3",42.3394427855189,"Central_NDC-LTT","WORLD-CTRY"
"CIV","2010","ug/m3",29.764323809851,"Central_NDC-LTT","WORLD-CTRY"
"CMR","2010","ug/m3",29.0472110804782,"Central_NDC-LTT","WORLD-CTRY"
"COD","2010","ug/m3",16.5510277212867,"Central_NDC-LTT","WORLD-CTRY"
"COG","2010","ug/m3",22.4333812101288,"Central_NDC-LTT","WORLD-CTRY"
"COK","2010","ug/m3",0.408165910664727,"Central_NDC-LTT","WORLD-CTRY"
"COL","2010","ug/m3",16.9702796048366,"Central_NDC-LTT","WORLD-CTRY"
"COM","2010","ug/m3",1.18786623723634,"Central_NDC-LTT","WORLD-CTRY"
"CPV","2010","ug/m3",15.2255856301592,"Central_NDC-LTT","WORLD-CTRY"
"CRI","2010","ug/m3",9.08085307389294,"Central_NDC-LTT","WORLD-CTRY"
"CUB","2010","ug/m3",8.18371068031312,"Central_NDC-LTT","WORLD-CTRY"
"CUW","2010","ug/m3",5.27768073955052,"Central_NDC-LTT","WORLD-CTRY"
"CYM","2010","ug/m3",0.507600968534296,"Central_NDC-LTT","WORLD-CTRY"
"CYN","2010","ug/m3",15.9970608152465,"Central_NDC-LTT","WORLD-CTRY"
"CYP","2010","ug/m3",17.7345707822223,"Central_NDC-LTT","WORLD-CTRY"
"CZE","2010","ug/m3",14.7824396000204,"Central_NDC-LTT","WORLD-CTRY"
"DEU","2010","ug/m3",16.2647878858424,"Central_NDC-LTT","WORLD-CTRY"
"DJI","2010","ug/m3",15.9638497197754,"Central_NDC-LTT","WORLD-CTRY"
"DMA","2010","ug/m3",6.59691275880761,"Central_NDC-LTT","WORLD-CTRY"
"DNK","2010","ug/m3",12.3336595354754,"Central_NDC-LTT","WORLD-CTRY"
"DOM","2010","ug/m3",11.198585881126,"Central_NDC-LTT","WORLD-CTRY"
"DZA","2010","ug/m3",21.5216637951651,"Central_NDC-LTT","WORLD-CTRY"
"ECU","2010","ug/m3",11.3751601815249,"Central_NDC-LTT","WORLD-CTRY"
"EGY","2010","ug/m3",52.3019980127962,"Central_NDC-LTT","WORLD-CTRY"
"ERI","2010","ug/m3",14.9844903163109,"Central_NDC-LTT","WORLD-CTRY"
"ESP","2010","ug/m3",10.1891888492893,"Central_NDC-LTT","WORLD-CTRY"
"EST","2010","ug/m3",5.77491447790528,"Central_NDC-LTT","WORLD-CTRY"
"ETH","2010","ug/m3",10.1411005386151,"Central_NDC-LTT","WORLD-CTRY"
"FIN","2010","ug/m3",5.01204544941255,"Central_NDC-LTT","WORLD-CTRY"
"FJI","2010","ug/m3",1.52359286791993,"Central_NDC-LTT","WORLD-CTRY"
"FLK","2010","ug/m3",2.52699493019513,"Central_NDC-LTT","WORLD-CTRY"
"FRA","2010","ug/m3",14.325934187057,"Central_NDC-LTT","WORLD-CTRY"
"FRO","2010","ug/m3",3.56405130915639,"Central_NDC-LTT","WORLD-CTRY"
"FSM","2010","ug/m3",1.16351176536614,"Central_NDC-LTT","WORLD-CTRY"
"GAB","2010","ug/m3",17.548092162235,"Central_NDC-LTT","WORLD-CTRY"
"GBR","2010","ug/m3",11.558117485724,"Central_NDC-LTT","WORLD-CTRY"
"GEO","2010","ug/m3",11.644899778521,"Central_NDC-LTT","WORLD-CTRY"
"GGY","2010","ug/m3",6.19840722084045,"Central_NDC-LTT","WORLD-CTRY"
"GHA","2010","ug/m3",35.1912368108766,"Central_NDC-LTT","WORLD-CTRY"
"GIN","2010","ug/m3",26.1856604946131,"Central_NDC-LTT","WORLD-CTRY"
"GMB","2010","ug/m3",29.0303185014302,"Central_NDC-LTT","WORLD-CTRY"
"GNB","2010","ug/m3",26.0066127825383,"Central_NDC-LTT","WORLD-CTRY"
"GNQ","2010","ug/m3",17.178607456456,"Central_NDC-LTT","WORLD-CTRY"
"GRC","2010","ug/m3",15.17368837595,"Central_NDC-LTT","WORLD-CTRY"
"GRD","2010","ug/m3",4.58357507550818,"Central_NDC-LTT","WORLD-CTRY"
"GRL","2010","ug/m3",3.74992179120237,"Central_NDC-LTT","WORLD-CTRY"
"GTM","2010","ug/m3",18.2730846505003,"Central_NDC-LTT","WORLD-CTRY"
"GUM","2010","ug/m3",4.33004058241844,"Central_NDC-LTT","WORLD-CTRY"
"GUY","2010","ug/m3",8.84654113113122,"Central_NDC-LTT","WORLD-CTRY"
"HKG","2010","ug/m3",30.0427895957725,"Central_NDC-LTT","WORLD-CTRY"
"HMD","2010","ug/m3",1.2094138258247,"Central_NDC-LTT","WORLD-CTRY"
"HND","2010","ug/m3",14.4743206162159,"Central_NDC-LTT","WORLD-CTRY"
"HRV","2010","ug/m3",13.2330937270014,"Central_NDC-LTT","WORLD-CTRY"
"HTI","2010","ug/m3",11.1355069863183,"Central_NDC-LTT","WORLD-CTRY"
"HUN","2010","ug/m3",15.5377468883529,"Central_NDC-LTT","WORLD-CTRY"
"IDN","2010","ug/m3",10.6525794196608,"Central_NDC-LTT","WORLD-CTRY"
"IMN","2010","ug/m3",7.06066078555199,"Central_NDC-LTT","WORLD-CTRY"
"IND","2010","ug/m3",48.7294637870813,"Central_NDC-LTT","WORLD-CTRY"
"IOA","2010","ug/m3",3.91372392095368,"Central_NDC-LTT","WORLD-CTRY"
"IOT","2010","ug/m3",0,"Central_NDC-LTT","WORLD-CTRY"
"IRL","2010","ug/m3",7.24264011328425,"Central_NDC-LTT","WORLD-CTRY"
"IRN","2010","ug/m3",33.4002945772655,"Central_NDC-LTT","WORLD-CTRY"
"IRQ","2010","ug/m3",25.2759244749077,"Central_NDC-LTT","WORLD-CTRY"
"ISL","2010","ug/m3",3.38850240633845,"Central_NDC-LTT","WORLD-CTRY"
"ISR","2010","ug/m3",27.9880870737071,"Central_NDC-LTT","WORLD-CTRY"
"ITA","2010","ug/m3",20.6011796029041,"Central_NDC-LTT","WORLD-CTRY"
"JAM","2010","ug/m3",13.0672178900198,"Central_NDC-LTT","WORLD-CTRY"
"JEY","2010","ug/m3",5.57279851359706,"Central_NDC-LTT","WORLD-CTRY"
"JOR","2010","ug/m3",30.8337693028393,"Central_NDC-LTT","WORLD-CTRY"
"JPN","2010","ug/m3",18.1696770977629,"Central_NDC-LTT","WORLD-CTRY"
"KAS","2010","ug/m3",6.78689010532883,"Central_NDC-LTT","WORLD-CTRY"
"KAZ","2010","ug/m3",16.3311346620977,"Central_NDC-LTT","WORLD-CTRY"
"KEN","2010","ug/m3",4.88212471522911,"Central_NDC-LTT","WORLD-CTRY"
"KGZ","2010","ug/m3",28.5819227607065,"Central_NDC-LTT","WORLD-CTRY"
"KHM","2010","ug/m3",12.4745542744439,"Central_NDC-LTT","WORLD-CTRY"
"KIR","2010","ug/m3",0.0768554726973275,"Central_NDC-LTT","WORLD-CTRY"
"KNA","2010","ug/m3",3.50657315423646,"Central_NDC-LTT","WORLD-CTRY"
"KOR","2010","ug/m3",32.0672724881364,"Central_NDC-LTT","WORLD-CTRY"
"KOS","2010","ug/m3",16.2600847012129,"Central_NDC-LTT","WORLD-CTRY"
"KWT","2010","ug/m3",42.6810203700534,"Central_NDC-LTT","WORLD-CTRY"
"LAO","2010","ug/m3",20.7507374878741,"Central_NDC-LTT","WORLD-CTRY"
"LBN","2010","ug/m3",24.4889543069203,"Central_NDC-LTT","WORLD-CTRY"
"LBR","2010","ug/m3",26.0607202391928,"Central_NDC-LTT","WORLD-CTRY"
"LBY","2010","ug/m3",24.6767830671884,"Central_NDC-LTT","WORLD-CTRY"
"LCA","2010","ug/m3",7.67302606303619,"Central_NDC-LTT","WORLD-CTRY"
"LIE","2010","ug/m3",15.0967808112413,"Central_NDC-LTT","WORLD-CTRY"
"LKA","2010","ug/m3",16.3760414704207,"Central_NDC-LTT","WORLD-CTRY"
"LSO","2010","ug/m3",13.7798609628559,"Central_NDC-LTT","WORLD-CTRY"
"LTU","2010","ug/m3",10.2240066162974,"Central_NDC-LTT","WORLD-CTRY"
"LUX","2010","ug/m3",13.8039602462927,"Central_NDC-LTT","WORLD-CTRY"
"LVA","2010","ug/m3",8.07522701893208,"Central_NDC-LTT","WORLD-CTRY"
"MAC","2010","ug/m3",42.5364362716675,"Central_NDC-LTT","WORLD-CTRY"
"MAF","2010","ug/m3",0,"Central_NDC-LTT","WORLD-CTRY"
"MAR","2010","ug/m3",9.13668153803886,"Central_NDC-LTT","WORLD-CTRY"
"MCO","2010","ug/m3",12.1463364919027,"Central_NDC-LTT","WORLD-CTRY"
"MDA","2010","ug/m3",10.293247965539,"Central_NDC-LTT","WORLD-CTRY"
"MDG","2010","ug/m3",2.28002761923652,"Central_NDC-LTT","WORLD-CTRY"
"MDV","2010","ug/m3",0,"Central_NDC-LTT","WORLD-CTRY"
"MEX","2010","ug/m3",12.5974262972227,"Central_NDC-LTT","WORLD-CTRY"
"MHL","2010","ug/m3",0,"Central_NDC-LTT","WORLD-CTRY"
"MKD","2010","ug/m3",13.8273873380458,"Central_NDC-LTT","WORLD-CTRY"
"MLI","2010","ug/m3",35.0019721353731,"Central_NDC-LTT","WORLD-CTRY"
"MLT","2010","ug/m3",17.5101213866858,"Central_NDC-LTT","WORLD-CTRY"
"MMR","2010","ug/m3",16.2427354357516,"Central_NDC-LTT","WORLD-CTRY"
"MNE","2010","ug/m3",14.1595842361323,"Central_NDC-LTT","WORLD-CTRY"
"MNG","2010","ug/m3",20.3369659249182,"Central_NDC-LTT","WORLD-CTRY"
"MNP","2010","ug/m3",2.12131155845596,"Central_NDC-LTT","WORLD-CTRY"
"MOZ","2010","ug/m3",4.98848796063726,"Central_NDC-LTT","WORLD-CTRY"
"MRT","2010","ug/m3",34.456682248697,"Central_NDC-LTT","WORLD-CTRY"
"MSR","2010","ug/m3",3.37514700609095,"Central_NDC-LTT","WORLD-CTRY"
"MUS","2010","ug/m3",1.06907087766705,"Central_NDC-LTT","WORLD-CTRY"
"MWI","2010","ug/m3",4.85269616441969,"Central_NDC-LTT","WORLD-CTRY"
"MYS","2010","ug/m3",11.0101129085983,"Central_NDC-LTT","WORLD-CTRY"
"NAM","2010","ug/m3",5.1895946233457,"Central_NDC-LTT","WORLD-CTRY"
"NCL","2010","ug/m3",2.80539202361763,"Central_NDC-LTT","WORLD-CTRY"
"NER","2010","ug/m3",45.4862281126514,"Central_NDC-LTT","WORLD-CTRY"
"NFK","2010","ug/m3",0.656374854010505,"Central_NDC-LTT","WORLD-CTRY"
"NGA","2010","ug/m3",46.4913784442876,"Central_NDC-LTT","WORLD-CTRY"
"NIC","2010","ug/m3",9.38956129183593,"Central_NDC-LTT","WORLD-CTRY"
"NIU","2010","ug/m3",1.29384355996487,"Central_NDC-LTT","WORLD-CTRY"
"NLD","2010","ug/m3",17.3219932505199,"Central_NDC-LTT","WORLD-CTRY"
"NOR","2010","ug/m3",4.08976933097931,"Central_NDC-LTT","WORLD-CTRY"
"NPL","2010","ug/m3",43.961550958351,"Central_NDC-LTT","WORLD-CTRY"
"NRU","2010","ug/m3",0.124446233977442,"Central_NDC-LTT","WORLD-CTRY"
"NZL","2010","ug/m3",4.90180705007447,"Central_NDC-LTT","WORLD-CTRY"
"OMN","2010","ug/m3",56.1242909527438,"Central_NDC-LTT","WORLD-CTRY"
"PAK","2010","ug/m3",53.3768323546379,"Central_NDC-LTT","WORLD-CTRY"
"PAN","2010","ug/m3",17.162480565024,"Central_NDC-LTT","WORLD-CTRY"
"PCN","2010","ug/m3",0.189240563999523,"Central_NDC-LTT","WORLD-CTRY"
"PER","2010","ug/m3",9.68301323087919,"Central_NDC-LTT","WORLD-CTRY"
"PHL","2010","ug/m3",6.66324642832217,"Central_NDC-LTT","WORLD-CTRY"
"PLW","2010","ug/m3",1.65258329979917,"Central_NDC-LTT","WORLD-CTRY"
"PNG","2010","ug/m3",5.34326636891642,"Central_NDC-LTT","WORLD-CTRY"
"POL","2010","ug/m3",14.8778990185457,"Central_NDC-LTT","WORLD-CTRY"
"PRI","2010","ug/m3",6.17205871525552,"Central_NDC-LTT","WORLD-CTRY"
"PRK","2010","ug/m3",35.6645934162427,"Central_NDC-LTT","WORLD-CTRY"
"PRT","2010","ug/m3",8.94877022022066,"Central_NDC-LTT","WORLD-CTRY"
"PRY","2010","ug/m3",7.693165607437,"Central_NDC-LTT","WORLD-CTRY"
"PSX","2010","ug/m3",25.2617868388256,"Central_NDC-LTT","WORLD-CTRY"
"PYF","2010","ug/m3",1.0239115912076,"Central_NDC-LTT","WORLD-CTRY"
"QAT","2010","ug/m3",45.9198474138053,"Central_NDC-LTT","WORLD-CTRY"
"ROU","2010","ug/m3",13.4905034130361,"Central_NDC-LTT","WORLD-CTRY"
"RUS","2010","ug/m3",10.5542725636366,"Central_NDC-LTT","WORLD-CTRY"
"RWA","2010","ug/m3",12.530550962435,"Central_NDC-LTT","WORLD-CTRY"
"SAH","2010","ug/m3",27.1431892015583,"Central_NDC-LTT","WORLD-CTRY"
"SAU","2010","ug/m3",47.3352039801483,"Central_NDC-LTT","WORLD-CTRY"
"SDN","2010","ug/m3",21.7545938784433,"Central_NDC-LTT","WORLD-CTRY"
"SDS","2010","ug/m3",0.185325197655373,"Central_NDC-LTT","WORLD-CTRY"
"SEN","2010","ug/m3",31.5036930901136,"Central_NDC-LTT","WORLD-CTRY"
"SGP","2010","ug/m3",25.5879271621899,"Central_NDC-LTT","WORLD-CTRY"
"SGS","2010","ug/m3",2.28436511971234,"Central_NDC-LTT","WORLD-CTRY"
"SHN","2010","ug/m3",1.49330057416643,"Central_NDC-LTT","WORLD-CTRY"
"SLB","2010","ug/m3",2.82412121768806,"Central_NDC-LTT","WORLD-CTRY"
"SLE","2010","ug/m3",24.1638287370214,"Central_NDC-LTT","WORLD-CTRY"
"SLV","2010","ug/m3",16.0121089165395,"Central_NDC-LTT","WORLD-CTRY"
"SMR","2010","ug/m3",19.1359535725911,"Central_NDC-LTT","WORLD-CTRY"
"SOL","2010","ug/m3",13.1700484205084,"Central_NDC-LTT","WORLD-CTRY"
"SOM","2010","ug/m3",8.3579075364194,"Central_NDC-LTT","WORLD-CTRY"
"SPM","2010","ug/m3",1.49017701010486,"Central_NDC-LTT","WORLD-CTRY"
"SRB","2010","ug/m3",16.1684587773324,"Central_NDC-LTT","WORLD-CTRY"
"STP","2010","ug/m3",8.31798465747881,"Central_NDC-LTT","WORLD-CTRY"
"SUR","2010","ug/m3",11.5775735030458,"Central_NDC-LTT","WORLD-CTRY"
"SVK","2010","ug/m3",16.8170537879859,"Central_NDC-LTT","WORLD-CTRY"
"SVN","2010","ug/m3",15.6626252428699,"Central_NDC-LTT","WORLD-CTRY"
"SWE","2010","ug/m3",6.53276699948511,"Central_NDC-LTT","WORLD-CTRY"
"SWZ","2010","ug/m3",18.2306495918568,"Central_NDC-LTT","WORLD-CTRY"
"SXM","2010","ug/m3",3.49754040305679,"Central_NDC-LTT","WORLD-CTRY"
"SYC","2010","ug/m3",0.838480974946703,"Central_NDC-LTT","WORLD-CTRY"
"SYR","2010","ug/m3",28.4428440948467,"Central_NDC-LTT","WORLD-CTRY"
"TCA","2010","ug/m3",3.03929441184328,"Central_NDC-LTT","WORLD-CTRY"
"TCD","2010","ug/m3",30.6683287283613,"Central_NDC-LTT","WORLD-CTRY"
"TGO","2010","ug/m3",38.4683320724741,"Central_NDC-LTT","WORLD-CTRY"
"THA","2010","ug/m3",17.9624235903331,"Central_NDC-LTT","WORLD-CTRY"
"TJK","2010","ug/m3",29.7800326620901,"Central_NDC-LTT","WORLD-CTRY"
"TKM","2010","ug/m3",37.9386865191925,"Central_NDC-LTT","WORLD-CTRY"
"TLS","2010","ug/m3",5.38008726288841,"Central_NDC-LTT","WORLD-CTRY"
"TON","2010","ug/m3",1.55984678077698,"Central_NDC-LTT","WORLD-CTRY"
"TTO","2010","ug/m3",5.91688826528646,"Central_NDC-LTT","WORLD-CTRY"
"TUN","2010","ug/m3",12.5068344257832,"Central_NDC-LTT","WORLD-CTRY"
"TUR","2010","ug/m3",16.3485024722718,"Central_NDC-LTT","WORLD-CTRY"
"TWN","2010","ug/m3",18.8492927898866,"Central_NDC-LTT","WORLD-CTRY"
"TZA","2010","ug/m3",5.18055136242392,"Central_NDC-LTT","WORLD-CTRY"
"UGA","2010","ug/m3",8.75168791687772,"Central_NDC-LTT","WORLD-CTRY"
"UKR","2010","ug/m3",11.0583594154567,"Central_NDC-LTT","WORLD-CTRY"
"URY","2010","ug/m3",4.73402573631109,"Central_NDC-LTT","WORLD-CTRY"
"USA","2010","ug/m3",12.0474204904274,"Central_NDC-LTT","WORLD-CTRY"
"UZB","2010","ug/m3",36.5666747495126,"Central_NDC-LTT","WORLD-CTRY"
"VAT","2010","ug/m3",23.9277629852295,"Central_NDC-LTT","WORLD-CTRY"
"VCT","2010","ug/m3",5.55690901778465,"Central_NDC-LTT","WORLD-CTRY"
"VEN","2010","ug/m3",9.90614514998172,"Central_NDC-LTT","WORLD-CTRY"
"VGB","2010","ug/m3",0.296909583242316,"Central_NDC-LTT","WORLD-CTRY"
"VIR","2010","ug/m3",4.2117761517619,"Central_NDC-LTT","WORLD-CTRY"
"VNM","2010","ug/m3",27.7654723604934,"Central_NDC-LTT","WORLD-CTRY"
"VUT","2010","ug/m3",3.11714954752671,"Central_NDC-LTT","WORLD-CTRY"
"WLF","2010","ug/m3",0.344509173776502,"Central_NDC-LTT","WORLD-CTRY"
"WSM","2010","ug/m3",1.35400799867955,"Central_NDC-LTT","WORLD-CTRY"
"YEM","2010","ug/m3",52.9894708625368,"Central_NDC-LTT","WORLD-CTRY"
"ZAF","2010","ug/m3",13.8446121209961,"Central_NDC-LTT","WORLD-CTRY"
"ZMB","2010","ug/m3",7.34062723871962,"Central_NDC-LTT","WORLD-CTRY"
"ZWE","2010","ug/m3",4.78161871367711,"Central_NDC-LTT","WORLD-CTRY"
"ABW","2020","ug/m3",4.21316294407281,"Central_NDC-LTT","WORLD-CTRY"
"AFG","2020","ug/m3",53.0467954566023,"Central_NDC-LTT","WORLD-CTRY"
"AGO","2020","ug/m3",9.95558577957828,"Central_NDC-LTT","WORLD-CTRY"
"AIA","2020","ug/m3",1.18573919932048,"Central_NDC-LTT","WORLD-CTRY"
"ALB","2020","ug/m3",10.052388807542,"Central_NDC-LTT","WORLD-CTRY"
"AND","2020","ug/m3",7.54520017279629,"Central_NDC-LTT","WORLD-CTRY"
"ARE","2020","ug/m3",47.1972091653872,"Central_NDC-LTT","WORLD-CTRY"
"ARG","2020","ug/m3",7.47389357862696,"Central_NDC-LTT","WORLD-CTRY"
"ARM","2020","ug/m3",14.7245202469304,"Central_NDC-LTT","WORLD-CTRY"
"ASM","2020","ug/m3",1.10646111422246,"Central_NDC-LTT","WORLD-CTRY"
"ATF","2020","ug/m3",1.99307605333676,"Central_NDC-LTT","WORLD-CTRY"
"ATG","2020","ug/m3",3.78110489224463,"Central_NDC-LTT","WORLD-CTRY"
"AUS","2020","ug/m3",5.30442077322386,"Central_NDC-LTT","WORLD-CTRY"
"AUT","2020","ug/m3",11.684321788133,"Central_NDC-LTT","WORLD-CTRY"
"AZE","2020","ug/m3",18.341169446379,"Central_NDC-LTT","WORLD-CTRY"
"BDI","2020","ug/m3",10.132666339013,"Central_NDC-LTT","WORLD-CTRY"
"BEL","2020","ug/m3",12.3357824394675,"Central_NDC-LTT","WORLD-CTRY"
"BEN","2020","ug/m3",39.5158492615888,"Central_NDC-LTT","WORLD-CTRY"
"BFA","2020","ug/m3",32.6468555403229,"Central_NDC-LTT","WORLD-CTRY"
"BGD","2020","ug/m3",71.8385419229168,"Central_NDC-LTT","WORLD-CTRY"
"BGR","2020","ug/m3",11.5685388049229,"Central_NDC-LTT","WORLD-CTRY"
"BHR","2020","ug/m3",37.6385731315221,"Central_NDC-LTT","WORLD-CTRY"
"BHS","2020","ug/m3",4.8251434063797,"Central_NDC-LTT","WORLD-CTRY"
"BIH","2020","ug/m3",11.8603482063469,"Central_NDC-LTT","WORLD-CTRY"
"BLM","2020","ug/m3",0,"Central_NDC-LTT","WORLD-CTRY"
"BLR","2020","ug/m3",10.5949099186318,"Central_NDC-LTT","WORLD-CTRY"
"BLZ","2020","ug/m3",13.7254889447207,"Central_NDC-LTT","WORLD-CTRY"
"BMU","2020","ug/m3",0,"Central_NDC-LTT","WORLD-CTRY"
"BOL","2020","ug/m3",10.0653007223765,"Central_NDC-LTT","WORLD-CTRY"
"BRA","2020","ug/m3",7.30654773915417,"Central_NDC-LTT","WORLD-CTRY"
"BRB","2020","ug/m3",4.87030237437757,"Central_NDC-LTT","WORLD-CTRY"
"BRN","2020","ug/m3",7.14383421390984,"Central_NDC-LTT","WORLD-CTRY"
"BTN","2020","ug/m3",32.5752764014617,"Central_NDC-LTT","WORLD-CTRY"
"BWA","2020","ug/m3",5.66277928125077,"Central_NDC-LTT","WORLD-CTRY"
"CAF","2020","ug/m3",18.9372103642725,"Central_NDC-LTT","WORLD-CTRY"
"CAN","2020","ug/m3",8.69032312682263,"Central_NDC-LTT","WORLD-CTRY"
"CHE","2020","ug/m3",17.8050766473963,"Central_NDC-LTT","WORLD-CTRY"
"CHL","2020","ug/m3",47.863438298324,"Central_NDC-LTT","WORLD-CTRY"
"CHN","2020","ug/m3",34.8455049697429,"Central_NDC-LTT","WORLD-CTRY"
"CIV","2020","ug/m3",30.2570099601556,"Central_NDC-LTT","WORLD-CTRY"
"CMR","2020","ug/m3",29.5205865766603,"Central_NDC-LTT","WORLD-CTRY"
"COD","2020","ug/m3",16.6472914321232,"Central_NDC-LTT","WORLD-CTRY"
"COG","2020","ug/m3",22.7961383104378,"Central_NDC-LTT","WORLD-CTRY"
"COK","2020","ug/m3",0.40703906732447,"Central_NDC-LTT","WORLD-CTRY"
"COL","2020","ug/m3",15.824570214883,"Central_NDC-LTT","WORLD-CTRY"
"COM","2020","ug/m3",1.19468910448424,"Central_NDC-LTT","WORLD-CTRY"
"CPV","2020","ug/m3",15.4776133247044,"Central_NDC-LTT","WORLD-CTRY"
"CRI","2020","ug/m3",8.95536114142749,"Central_NDC-LTT","WORLD-CTRY"
"CUB","2020","ug/m3",8.07061676623705,"Central_NDC-LTT","WORLD-CTRY"
"CUW","2020","ug/m3",5.20474631215485,"Central_NDC-LTT","WORLD-CTRY"
"CYM","2020","ug/m3",0.500586220712373,"Central_NDC-LTT","WORLD-CTRY"
"CYN","2020","ug/m3",11.8188645922196,"Central_NDC-LTT","WORLD-CTRY"
"CYP","2020","ug/m3",13.1025625391508,"Central_NDC-LTT","WORLD-CTRY"
"CZE","2020","ug/m3",12.1050947868905,"Central_NDC-LTT","WORLD-CTRY"
"DEU","2020","ug/m3",11.969300525086,"Central_NDC-LTT","WORLD-CTRY"
"DJI","2020","ug/m3",16.0555428434822,"Central_NDC-LTT","WORLD-CTRY"
"DMA","2020","ug/m3",6.5057473101028,"Central_NDC-LTT","WORLD-CTRY"
"DNK","2020","ug/m3",9.16786769594225,"Central_NDC-LTT","WORLD-CTRY"
"DOM","2020","ug/m3",11.0438281600729,"Central_NDC-LTT","WORLD-CTRY"
"DZA","2020","ug/m3",20.891676344519,"Central_NDC-LTT","WORLD-CTRY"
"ECU","2020","ug/m3",10.6069792179243,"Central_NDC-LTT","WORLD-CTRY"
"EGY","2020","ug/m3",54.9589087405908,"Central_NDC-LTT","WORLD-CTRY"
"ERI","2020","ug/m3",15.0705582687424,"Central_NDC-LTT","WORLD-CTRY"
"ESP","2020","ug/m3",7.04433837317846,"Central_NDC-LTT","WORLD-CTRY"
"EST","2020","ug/m3",4.90598722098208,"Central_NDC-LTT","WORLD-CTRY"
"ETH","2020","ug/m3",10.1993490354601,"Central_NDC-LTT","WORLD-CTRY"
"FIN","2020","ug/m3",4.28668639615724,"Central_NDC-LTT","WORLD-CTRY"
"FJI","2020","ug/m3",1.51938657496768,"Central_NDC-LTT","WORLD-CTRY"
"FLK","2020","ug/m3",2.4450069439582,"Central_NDC-LTT","WORLD-CTRY"
"FRA","2020","ug/m3",9.88684714065485,"Central_NDC-LTT","WORLD-CTRY"
"FRO","2020","ug/m3",2.64955407198017,"Central_NDC-LTT","WORLD-CTRY"
"FSM","2020","ug/m3",1.16029956413376,"Central_NDC-LTT","WORLD-CTRY"
"GAB","2020","ug/m3",17.8385641238264,"Central_NDC-LTT","WORLD-CTRY"
"GBR","2020","ug/m3",8.3603467174928,"Central_NDC-LTT","WORLD-CTRY"
"GEO","2020","ug/m3",11.6893286268066,"Central_NDC-LTT","WORLD-CTRY"
"GGY","2020","ug/m3",4.2624588171641,"Central_NDC-LTT","WORLD-CTRY"
"GHA","2020","ug/m3",35.7737541713964,"Central_NDC-LTT","WORLD-CTRY"
"GIN","2020","ug/m3",26.6191093570912,"Central_NDC-LTT","WORLD-CTRY"
"GMB","2020","ug/m3",29.5108546869099,"Central_NDC-LTT","WORLD-CTRY"
"GNB","2020","ug/m3",26.437097978431,"Central_NDC-LTT","WORLD-CTRY"
"GNQ","2020","ug/m3",17.462963396331,"Central_NDC-LTT","WORLD-CTRY"
"GRC","2020","ug/m3",11.2273317900879,"Central_NDC-LTT","WORLD-CTRY"
"GRD","2020","ug/m3",4.52023295459584,"Central_NDC-LTT","WORLD-CTRY"
"GRL","2020","ug/m3",3.66169028644965,"Central_NDC-LTT","WORLD-CTRY"
"GTM","2020","ug/m3",18.0213327591839,"Central_NDC-LTT","WORLD-CTRY"
"GUM","2020","ug/m3",4.31808646917343,"Central_NDC-LTT","WORLD-CTRY"
"GUY","2020","ug/m3",8.25171641167126,"Central_NDC-LTT","WORLD-CTRY"
"HKG","2020","ug/m3",24.7138232715445,"Central_NDC-LTT","WORLD-CTRY"
"HMD","2020","ug/m3",1.15331751791807,"Central_NDC-LTT","WORLD-CTRY"
"HND","2020","ug/m3",14.2742942186222,"Central_NDC-LTT","WORLD-CTRY"
"HRV","2020","ug/m3",10.0734347955523,"Central_NDC-LTT","WORLD-CTRY"
"HTI","2020","ug/m3",10.9816210341584,"Central_NDC-LTT","WORLD-CTRY"
"HUN","2020","ug/m3",13.2564818835516,"Central_NDC-LTT","WORLD-CTRY"
"IDN","2020","ug/m3",10.7283536522152,"Central_NDC-LTT","WORLD-CTRY"
"IMN","2020","ug/m3",5.10719609414378,"Central_NDC-LTT","WORLD-CTRY"
"IND","2020","ug/m3",54.9106307713039,"Central_NDC-LTT","WORLD-CTRY"
"IOA","2020","ug/m3",3.73219346589056,"Central_NDC-LTT","WORLD-CTRY"
"IOT","2020","ug/m3",0,"Central_NDC-LTT","WORLD-CTRY"
"IRL","2020","ug/m3",5.2388273458016,"Central_NDC-LTT","WORLD-CTRY"
"IRN","2020","ug/m3",31.8825661035734,"Central_NDC-LTT","WORLD-CTRY"
"IRQ","2020","ug/m3",24.1051550968442,"Central_NDC-LTT","WORLD-CTRY"
"ISL","2020","ug/m3",4.00856079466037,"Central_NDC-LTT","WORLD-CTRY"
"ISR","2020","ug/m3",25.6523083589837,"Central_NDC-LTT","WORLD-CTRY"
"ITA","2020","ug/m3",15.0670175412606,"Central_NDC-LTT","WORLD-CTRY"
"JAM","2020","ug/m3",12.8866368235781,"Central_NDC-LTT","WORLD-CTRY"
"JEY","2020","ug/m3",4.03097907343218,"Central_NDC-LTT","WORLD-CTRY"
"JOR","2020","ug/m3",28.2039177002052,"Central_NDC-LTT","WORLD-CTRY"
"JPN","2020","ug/m3",13.9669974980325,"Central_NDC-LTT","WORLD-CTRY"
"KAS","2020","ug/m3",7.64727414636853,"Central_NDC-LTT","WORLD-CTRY"
"KAZ","2020","ug/m3",16.1528033193049,"Central_NDC-LTT","WORLD-CTRY"
"KEN","2020","ug/m3",4.91016668288922,"Central_NDC-LTT","WORLD-CTRY"
"KGZ","2020","ug/m3",27.5839277905033,"Central_NDC-LTT","WORLD-CTRY"
"KHM","2020","ug/m3",12.4005181959544,"Central_NDC-LTT","WORLD-CTRY"
"KIR","2020","ug/m3",0.0766432929512681,"Central_NDC-LTT","WORLD-CTRY"
"KNA","2020","ug/m3",3.45811439891757,"Central_NDC-LTT","WORLD-CTRY"
"KOR","2020","ug/m3",28.1105373459806,"Central_NDC-LTT","WORLD-CTRY"
"KOS","2020","ug/m3",12.3630900939067,"Central_NDC-LTT","WORLD-CTRY"
"KWT","2020","ug/m3",40.7161800380814,"Central_NDC-LTT","WORLD-CTRY"
"LAO","2020","ug/m3",20.5729396693497,"Central_NDC-LTT","WORLD-CTRY"
"LBN","2020","ug/m3",22.3968516115139,"Central_NDC-LTT","WORLD-CTRY"
"LBR","2020","ug/m3",26.4921010387687,"Central_NDC-LTT","WORLD-CTRY"
"LBY","2020","ug/m3",23.9499351268439,"Central_NDC-LTT","WORLD-CTRY"
"LCA","2020","ug/m3",7.56698954990337,"Central_NDC-LTT","WORLD-CTRY"
"LIE","2020","ug/m3",12.1106638480089,"Central_NDC-LTT","WORLD-CTRY"
"LKA","2020","ug/m3",18.4520561434929,"Central_NDC-LTT","WORLD-CTRY"
"LSO","2020","ug/m3",14.2134162252682,"Central_NDC-LTT","WORLD-CTRY"
"LTU","2020","ug/m3",8.68932056020367,"Central_NDC-LTT","WORLD-CTRY"
"LUX","2020","ug/m3",10.1900558033947,"Central_NDC-LTT","WORLD-CTRY"
"LVA","2020","ug/m3",6.87742809721626,"Central_NDC-LTT","WORLD-CTRY"
"MAC","2020","ug/m3",34.9913568496704,"Central_NDC-LTT","WORLD-CTRY"
"MAF","2020","ug/m3",0,"Central_NDC-LTT","WORLD-CTRY"
"MAR","2020","ug/m3",8.86704958258643,"Central_NDC-LTT","WORLD-CTRY"
"MCO","2020","ug/m3",8.8509085337321,"Central_NDC-LTT","WORLD-CTRY"
"MDA","2020","ug/m3",9.53531346316995,"Central_NDC-LTT","WORLD-CTRY"
"MDG","2020","ug/m3",2.29312364863266,"Central_NDC-LTT","WORLD-CTRY"
"MDV","2020","ug/m3",0,"Central_NDC-LTT","WORLD-CTRY"
"MEX","2020","ug/m3",13.1263065785104,"Central_NDC-LTT","WORLD-CTRY"
"MHL","2020","ug/m3",0,"Central_NDC-LTT","WORLD-CTRY"
"MKD","2020","ug/m3",10.5141959922587,"Central_NDC-LTT","WORLD-CTRY"
"MLI","2020","ug/m3",35.5723419480305,"Central_NDC-LTT","WORLD-CTRY"
"MLT","2020","ug/m3",12.7594428508402,"Central_NDC-LTT","WORLD-CTRY"
"MMR","2020","ug/m3",16.1581015932825,"Central_NDC-LTT","WORLD-CTRY"
"MNE","2020","ug/m3",10.7660087873377,"Central_NDC-LTT","WORLD-CTRY"
"MNG","2020","ug/m3",18.3925090483001,"Central_NDC-LTT","WORLD-CTRY"
"MNP","2020","ug/m3",2.11545514478916,"Central_NDC-LTT","WORLD-CTRY"
"MOZ","2020","ug/m3",5.08127474565213,"Central_NDC-LTT","WORLD-CTRY"
"MRT","2020","ug/m3",35.0259674448115,"Central_NDC-LTT","WORLD-CTRY"
"MSR","2020","ug/m3",3.3285044782302,"Central_NDC-LTT","WORLD-CTRY"
"MUS","2020","ug/m3",1.07521142531589,"Central_NDC-LTT","WORLD-CTRY"
"MWI","2020","ug/m3",4.94262741588895,"Central_NDC-LTT","WORLD-CTRY"
"MYS","2020","ug/m3",10.2553440496516,"Central_NDC-LTT","WORLD-CTRY"
"NAM","2020","ug/m3",5.28688891553528,"Central_NDC-LTT","WORLD-CTRY"
"NCL","2020","ug/m3",2.79764698683273,"Central_NDC-LTT","WORLD-CTRY"
"NER","2020","ug/m3",46.2297351765425,"Central_NDC-LTT","WORLD-CTRY"
"NFK","2020","ug/m3",0.654562769709407,"Central_NDC-LTT","WORLD-CTRY"
"NGA","2020","ug/m3",47.2609460073862,"Central_NDC-LTT","WORLD-CTRY"
"NIC","2020","ug/m3",9.25980321732916,"Central_NDC-LTT","WORLD-CTRY"
"NIU","2020","ug/m3",1.29027159044728,"Central_NDC-LTT","WORLD-CTRY"
"NLD","2020","ug/m3",12.8053402882894,"Central_NDC-LTT","WORLD-CTRY"
"NOR","2020","ug/m3",4.72905552675693,"Central_NDC-LTT","WORLD-CTRY"
"NPL","2020","ug/m3",51.0033019284189,"Central_NDC-LTT","WORLD-CTRY"
"NRU","2020","ug/m3",0.124102662438932,"Central_NDC-LTT","WORLD-CTRY"
"NZL","2020","ug/m3",4.85682564378049,"Central_NDC-LTT","WORLD-CTRY"
"OMN","2020","ug/m3",53.540583380042,"Central_NDC-LTT","WORLD-CTRY"
"PAK","2020","ug/m3",61.980791839964,"Central_NDC-LTT","WORLD-CTRY"
"PAN","2020","ug/m3",16.9163739833636,"Central_NDC-LTT","WORLD-CTRY"
"PCN","2020","ug/m3",0.188718102195046,"Central_NDC-LTT","WORLD-CTRY"
"PER","2020","ug/m3",9.0289844628813,"Central_NDC-LTT","WORLD-CTRY"
"PHL","2020","ug/m3",6.55820641475663,"Central_NDC-LTT","WORLD-CTRY"
"PLW","2020","ug/m3",1.64802085761483,"Central_NDC-LTT","WORLD-CTRY"
"PNG","2020","ug/m3",5.32882171145649,"Central_NDC-LTT","WORLD-CTRY"
"POL","2020","ug/m3",12.6482763587154,"Central_NDC-LTT","WORLD-CTRY"
"PRI","2020","ug/m3",6.08676467734253,"Central_NDC-LTT","WORLD-CTRY"
"PRK","2020","ug/m3",32.2648370085079,"Central_NDC-LTT","WORLD-CTRY"
"PRT","2020","ug/m3",6.18697671662983,"Central_NDC-LTT","WORLD-CTRY"
"PRY","2020","ug/m3",7.17613944267527,"Central_NDC-LTT","WORLD-CTRY"
"PSX","2020","ug/m3",23.10366067876,"Central_NDC-LTT","WORLD-CTRY"
"PYF","2020","ug/m3",1.02108485693257,"Central_NDC-LTT","WORLD-CTRY"
"QAT","2020","ug/m3",43.8059061543802,"Central_NDC-LTT","WORLD-CTRY"
"ROU","2020","ug/m3",11.5327443545664,"Central_NDC-LTT","WORLD-CTRY"
"RUS","2020","ug/m3",10.6111354928577,"Central_NDC-LTT","WORLD-CTRY"
"RWA","2020","ug/m3",12.6025240208834,"Central_NDC-LTT","WORLD-CTRY"
"SAH","2020","ug/m3",27.592488016159,"Central_NDC-LTT","WORLD-CTRY"
"SAU","2020","ug/m3",45.1557645467689,"Central_NDC-LTT","WORLD-CTRY"
"SDN","2020","ug/m3",21.8795616716817,"Central_NDC-LTT","WORLD-CTRY"
"SDS","2020","ug/m3",0.186389668632242,"Central_NDC-LTT","WORLD-CTRY"
"SEN","2020","ug/m3",32.025170866158,"Central_NDC-LTT","WORLD-CTRY"
"SGP","2020","ug/m3",23.8271165491675,"Central_NDC-LTT","WORLD-CTRY"
"SGS","2020","ug/m3",1.65235254601597,"Central_NDC-LTT","WORLD-CTRY"
"SHN","2020","ug/m3",1.51801903526504,"Central_NDC-LTT","WORLD-CTRY"
"SLB","2020","ug/m3",2.81632453525389,"Central_NDC-LTT","WORLD-CTRY"
"SLE","2020","ug/m3",24.5638103177965,"Central_NDC-LTT","WORLD-CTRY"
"SLV","2020","ug/m3",15.7908311920301,"Central_NDC-LTT","WORLD-CTRY"
"SMR","2020","ug/m3",13.9441695404053,"Central_NDC-LTT","WORLD-CTRY"
"SOL","2020","ug/m3",13.2456945699437,"Central_NDC-LTT","WORLD-CTRY"
"SOM","2020","ug/m3",8.40591370933893,"Central_NDC-LTT","WORLD-CTRY"
"SPM","2020","ug/m3",1.1953488464672,"Central_NDC-LTT","WORLD-CTRY"
"SRB","2020","ug/m3",12.3070392177538,"Central_NDC-LTT","WORLD-CTRY"
"STP","2020","ug/m3",8.45567152673439,"Central_NDC-LTT","WORLD-CTRY"
"SUR","2020","ug/m3",10.796066549488,"Central_NDC-LTT","WORLD-CTRY"
"SVK","2020","ug/m3",13.8139463780475,"Central_NDC-LTT","WORLD-CTRY"
"SVN","2020","ug/m3",12.4490156555004,"Central_NDC-LTT","WORLD-CTRY"
"SWE","2020","ug/m3",4.86415469741055,"Central_NDC-LTT","WORLD-CTRY"
"SWZ","2020","ug/m3",18.8009753983611,"Central_NDC-LTT","WORLD-CTRY"
"SXM","2020","ug/m3",3.4878844828219,"Central_NDC-LTT","WORLD-CTRY"
"SYC","2020","ug/m3",0.843297045571463,"Central_NDC-LTT","WORLD-CTRY"
"SYR","2020","ug/m3",26.0086851803869,"Central_NDC-LTT","WORLD-CTRY"
"TCA","2020","ug/m3",2.99729321463066,"Central_NDC-LTT","WORLD-CTRY"
"TCD","2020","ug/m3",30.8435531619571,"Central_NDC-LTT","WORLD-CTRY"
"TGO","2020","ug/m3",39.1050949169418,"Central_NDC-LTT","WORLD-CTRY"
"THA","2020","ug/m3",16.7350508137816,"Central_NDC-LTT","WORLD-CTRY"
"TJK","2020","ug/m3",28.9891955795909,"Central_NDC-LTT","WORLD-CTRY"
"TKM","2020","ug/m3",36.8448785971087,"Central_NDC-LTT","WORLD-CTRY"
"TLS","2020","ug/m3",5.42031491880249,"Central_NDC-LTT","WORLD-CTRY"
"TON","2020","ug/m3",1.55554036712646,"Central_NDC-LTT","WORLD-CTRY"
"TTO","2020","ug/m3",5.83512052569765,"Central_NDC-LTT","WORLD-CTRY"
"TUN","2020","ug/m3",12.1377461339185,"Central_NDC-LTT","WORLD-CTRY"
"TUR","2020","ug/m3",14.2621051947817,"Central_NDC-LTT","WORLD-CTRY"
"TWN","2020","ug/m3",15.5009536150451,"Central_NDC-LTT","WORLD-CTRY"
"TZA","2020","ug/m3",5.21103287132259,"Central_NDC-LTT","WORLD-CTRY"
"UGA","2020","ug/m3",8.80195586816123,"Central_NDC-LTT","WORLD-CTRY"
"UKR","2020","ug/m3",10.2502129949328,"Central_NDC-LTT","WORLD-CTRY"
"URY","2020","ug/m3",4.58042476222365,"Central_NDC-LTT","WORLD-CTRY"
"USA","2020","ug/m3",9.66670634316849,"Central_NDC-LTT","WORLD-CTRY"
"UZB","2020","ug/m3",35.4947038254886,"Central_NDC-LTT","WORLD-CTRY"
"VAT","2020","ug/m3",17.4359111785889,"Central_NDC-LTT","WORLD-CTRY"
"VCT","2020","ug/m3",5.48011590713678,"Central_NDC-LTT","WORLD-CTRY"
"VEN","2020","ug/m3",9.2395583934151,"Central_NDC-LTT","WORLD-CTRY"
"VGB","2020","ug/m3",0.292806470603274,"Central_NDC-LTT","WORLD-CTRY"
"VIR","2020","ug/m3",4.1535719759735,"Central_NDC-LTT","WORLD-CTRY"
"VNM","2020","ug/m3",26.4318267344767,"Central_NDC-LTT","WORLD-CTRY"
"VUT","2020","ug/m3",3.10854383088137,"Central_NDC-LTT","WORLD-CTRY"
"WLF","2020","ug/m3",0.343558063016874,"Central_NDC-LTT","WORLD-CTRY"
"WSM","2020","ug/m3",1.35026994389845,"Central_NDC-LTT","WORLD-CTRY"
"YEM","2020","ug/m3",50.5500762025299,"Central_NDC-LTT","WORLD-CTRY"
"ZAF","2020","ug/m3",14.2797553440122,"Central_NDC-LTT","WORLD-CTRY"
"ZMB","2020","ug/m3",7.47643667556031,"Central_NDC-LTT","WORLD-CTRY"
"ZWE","2020","ug/m3",4.87119549489015,"Central_NDC-LTT","WORLD-CTRY"
"ABW","2030","ug/m3",4.01793464525478,"Central_NDC-LTT","WORLD-CTRY"
"AFG","2030","ug/m3",58.2358737148639,"Central_NDC-LTT","WORLD-CTRY"
"AGO","2030","ug/m3",11.5853785331567,"Central_NDC-LTT","WORLD-CTRY"
"AIA","2030","ug/m3",1.13079473707411,"Central_NDC-LTT","WORLD-CTRY"
"ALB","2030","ug/m3",8.34033105299451,"Central_NDC-LTT","WORLD-CTRY"
"AND","2030","ug/m3",5.21960539145094,"Central_NDC-LTT","WORLD-CTRY"
"ARE","2030","ug/m3",42.045437685467,"Central_NDC-LTT","WORLD-CTRY"
"ARG","2030","ug/m3",6.63597665091704,"Central_NDC-LTT","WORLD-CTRY"
"ARM","2030","ug/m3",12.9297118176306,"Central_NDC-LTT","WORLD-CTRY"
"ASM","2030","ug/m3",1.09613291107782,"Central_NDC-LTT","WORLD-CTRY"
"ATF","2030","ug/m3",1.37876678893544,"Central_NDC-LTT","WORLD-CTRY"
"ATG","2030","ug/m3",3.60589704883396,"Central_NDC-LTT","WORLD-CTRY"
"AUS","2030","ug/m3",5.12920132827837,"Central_NDC-LTT","WORLD-CTRY"
"AUT","2030","ug/m3",9.38127380514736,"Central_NDC-LTT","WORLD-CTRY"
"AZE","2030","ug/m3",16.1027368379896,"Central_NDC-LTT","WORLD-CTRY"
"BDI","2030","ug/m3",10.3047219630675,"Central_NDC-LTT","WORLD-CTRY"
"BEL","2030","ug/m3",9.28222748104345,"Central_NDC-LTT","WORLD-CTRY"
"BEN","2030","ug/m3",39.8009792958152,"Central_NDC-LTT","WORLD-CTRY"
"BFA","2030","ug/m3",32.8824218442424,"Central_NDC-LTT","WORLD-CTRY"
"BGD","2030","ug/m3",78.9546803664765,"Central_NDC-LTT","WORLD-CTRY"
"BGR","2030","ug/m3",9.22844565472386,"Central_NDC-LTT","WORLD-CTRY"
"BHR","2030","ug/m3",33.5301664849816,"Central_NDC-LTT","WORLD-CTRY"
"BHS","2030","ug/m3",4.60155723607001,"Central_NDC-LTT","WORLD-CTRY"
"BIH","2030","ug/m3",9.85247759528192,"Central_NDC-LTT","WORLD-CTRY"
"BLM","2030","ug/m3",0,"Central_NDC-LTT","WORLD-CTRY"
"BLR","2030","ug/m3",8.17064594466039,"Central_NDC-LTT","WORLD-CTRY"
"BLZ","2030","ug/m3",13.0866918302852,"Central_NDC-LTT","WORLD-CTRY"
"BMU","2030","ug/m3",0,"Central_NDC-LTT","WORLD-CTRY"
"BOL","2030","ug/m3",9.77038855619662,"Central_NDC-LTT","WORLD-CTRY"
"BRA","2030","ug/m3",6.89385413673451,"Central_NDC-LTT","WORLD-CTRY"
"BRB","2030","ug/m3",4.64462362769191,"Central_NDC-LTT","WORLD-CTRY"
"BRN","2030","ug/m3",7.07226783312447,"Central_NDC-LTT","WORLD-CTRY"
"BTN","2030","ug/m3",35.7455509110135,"Central_NDC-LTT","WORLD-CTRY"
"BWA","2030","ug/m3",6.55291174901742,"Central_NDC-LTT","WORLD-CTRY"
"CAF","2030","ug/m3",19.2580682356181,"Central_NDC-LTT","WORLD-CTRY"
"CAN","2030","ug/m3",7.84504886722402,"Central_NDC-LTT","WORLD-CTRY"
"CHE","2030","ug/m3",15.2772378717637,"Central_NDC-LTT","WORLD-CTRY"
"CHL","2030","ug/m3",41.572933111604,"Central_NDC-LTT","WORLD-CTRY"
"CHN","2030","ug/m3",30.4370969925105,"Central_NDC-LTT","WORLD-CTRY"
"CIV","2030","ug/m3",30.4753320569094,"Central_NDC-LTT","WORLD-CTRY"
"CMR","2030","ug/m3",29.7403549269146,"Central_NDC-LTT","WORLD-CTRY"
"COD","2030","ug/m3",16.9412370091871,"Central_NDC-LTT","WORLD-CTRY"
"COG","2030","ug/m3",22.9722872333791,"Central_NDC-LTT","WORLD-CTRY"
"COK","2030","ug/m3",0.403239586774041,"Central_NDC-LTT","WORLD-CTRY"
"COL","2030","ug/m3",15.3873228769905,"Central_NDC-LTT","WORLD-CTRY"
"COM","2030","ug/m3",1.21497531910889,"Central_NDC-LTT","WORLD-CTRY"
"CPV","2030","ug/m3",15.5892933871791,"Central_NDC-LTT","WORLD-CTRY"
"CRI","2030","ug/m3",8.54039015937042,"Central_NDC-LTT","WORLD-CTRY"
"CUB","2030","ug/m3",7.69664279372808,"Central_NDC-LTT","WORLD-CTRY"
"CUW","2030","ug/m3",4.96357024286834,"Central_NDC-LTT","WORLD-CTRY"
"CYM","2030","ug/m3",0.477390217058586,"Central_NDC-LTT","WORLD-CTRY"
"CYN","2030","ug/m3",9.19848343071519,"Central_NDC-LTT","WORLD-CTRY"
"CYP","2030","ug/m3",10.1975704976103,"Central_NDC-LTT","WORLD-CTRY"
"CZE","2030","ug/m3",9.51957269148525,"Central_NDC-LTT","WORLD-CTRY"
"DEU","2030","ug/m3",8.68096590482483,"Central_NDC-LTT","WORLD-CTRY"
"DJI","2030","ug/m3",16.328170646616,"Central_NDC-LTT","WORLD-CTRY"
"DMA","2030","ug/m3",6.20428593109732,"Central_NDC-LTT","WORLD-CTRY"
"DNK","2030","ug/m3",6.71442217297733,"Central_NDC-LTT","WORLD-CTRY"
"DOM","2030","ug/m3",10.5320823778335,"Central_NDC-LTT","WORLD-CTRY"
"DZA","2030","ug/m3",20.2704125473598,"Central_NDC-LTT","WORLD-CTRY"
"ECU","2030","ug/m3",10.3140214162843,"Central_NDC-LTT","WORLD-CTRY"
"EGY","2030","ug/m3",54.6666147714546,"Central_NDC-LTT","WORLD-CTRY"
"ERI","2030","ug/m3",15.3264607216577,"Central_NDC-LTT","WORLD-CTRY"
"ESP","2030","ug/m3",5.25264564532972,"Central_NDC-LTT","WORLD-CTRY"
"EST","2030","ug/m3",3.96547155553364,"Central_NDC-LTT","WORLD-CTRY"
"ETH","2030","ug/m3",10.372536930868,"Central_NDC-LTT","WORLD-CTRY"
"FIN","2030","ug/m3",3.68350235182207,"Central_NDC-LTT","WORLD-CTRY"
"FJI","2030","ug/m3",1.50520398371039,"Central_NDC-LTT","WORLD-CTRY"
"FLK","2030","ug/m3",2.17271283632339,"Central_NDC-LTT","WORLD-CTRY"
"FRA","2030","ug/m3",6.86028660092727,"Central_NDC-LTT","WORLD-CTRY"
"FRO","2030","ug/m3",1.94072199573336,"Central_NDC-LTT","WORLD-CTRY"
"FSM","2030","ug/m3",1.14946878291405,"Central_NDC-LTT","WORLD-CTRY"
"GAB","2030","ug/m3",17.9672797447263,"Central_NDC-LTT","WORLD-CTRY"
"GBR","2030","ug/m3",6.28213011137327,"Central_NDC-LTT","WORLD-CTRY"
"GEO","2030","ug/m3",10.2627015124111,"Central_NDC-LTT","WORLD-CTRY"
"GGY","2030","ug/m3",2.94867630004883,"Central_NDC-LTT","WORLD-CTRY"
"GHA","2030","ug/m3",36.031882977496,"Central_NDC-LTT","WORLD-CTRY"
"GIN","2030","ug/m3",26.8111816893756,"Central_NDC-LTT","WORLD-CTRY"
"GMB","2030","ug/m3",29.7237925624926,"Central_NDC-LTT","WORLD-CTRY"
"GNB","2030","ug/m3",26.6278569710039,"Central_NDC-LTT","WORLD-CTRY"
"GNQ","2030","ug/m3",17.5889688810951,"Central_NDC-LTT","WORLD-CTRY"
"GRC","2030","ug/m3",8.74672070055172,"Central_NDC-LTT","WORLD-CTRY"
"GRD","2030","ug/m3",4.31077561215458,"Central_NDC-LTT","WORLD-CTRY"
"GRL","2030","ug/m3",3.30566998652178,"Central_NDC-LTT","WORLD-CTRY"
"GTM","2030","ug/m3",17.1855330804124,"Central_NDC-LTT","WORLD-CTRY"
"GUM","2030","ug/m3",4.2777796125412,"Central_NDC-LTT","WORLD-CTRY"
"GUY","2030","ug/m3",8.02171922939045,"Central_NDC-LTT","WORLD-CTRY"
"HKG","2030","ug/m3",21.5819390422813,"Central_NDC-LTT","WORLD-CTRY"
"HMD","2030","ug/m3",1.11522027989015,"Central_NDC-LTT","WORLD-CTRY"
"HND","2030","ug/m3",13.6128560416612,"Central_NDC-LTT","WORLD-CTRY"
"HRV","2030","ug/m3",8.36302845064145,"Central_NDC-LTT","WORLD-CTRY"
"HTI","2030","ug/m3",10.4727577321905,"Central_NDC-LTT","WORLD-CTRY"
"HUN","2030","ug/m3",10.8705533373077,"Central_NDC-LTT","WORLD-CTRY"
"IDN","2030","ug/m3",10.9361859321129,"Central_NDC-LTT","WORLD-CTRY"
"IMN","2030","ug/m3",3.83764827605217,"Central_NDC-LTT","WORLD-CTRY"
"IND","2030","ug/m3",60.2240061546163,"Central_NDC-LTT","WORLD-CTRY"
"IOA","2030","ug/m3",3.60890882590721,"Central_NDC-LTT","WORLD-CTRY"
"IOT","2030","ug/m3",0,"Central_NDC-LTT","WORLD-CTRY"
"IRL","2030","ug/m3",3.93655864654824,"Central_NDC-LTT","WORLD-CTRY"
"IRN","2030","ug/m3",28.4285474152292,"Central_NDC-LTT","WORLD-CTRY"
"IRQ","2030","ug/m3",21.4700510037893,"Central_NDC-LTT","WORLD-CTRY"
"ISL","2030","ug/m3",3.66271834754537,"Central_NDC-LTT","WORLD-CTRY"
"ISR","2030","ug/m3",22.1273916634832,"Central_NDC-LTT","WORLD-CTRY"
"ITA","2030","ug/m3",11.1679032032201,"Central_NDC-LTT","WORLD-CTRY"
"JAM","2030","ug/m3",12.2894995003179,"Central_NDC-LTT","WORLD-CTRY"
"JEY","2030","ug/m3",3.02895744692895,"Central_NDC-LTT","WORLD-CTRY"
"JOR","2030","ug/m3",24.2686265811388,"Central_NDC-LTT","WORLD-CTRY"
"JPN","2030","ug/m3",12.3345633442478,"Central_NDC-LTT","WORLD-CTRY"
"KAS","2030","ug/m3",8.38794443322228,"Central_NDC-LTT","WORLD-CTRY"
"KAZ","2030","ug/m3",15.1647780400693,"Central_NDC-LTT","WORLD-CTRY"
"KEN","2030","ug/m3",4.9935427364483,"Central_NDC-LTT","WORLD-CTRY"
"KGZ","2030","ug/m3",25.9569327808384,"Central_NDC-LTT","WORLD-CTRY"
"KHM","2030","ug/m3",12.3045569501207,"Central_NDC-LTT","WORLD-CTRY"
"KIR","2030","ug/m3",0.0759278668473098,"Central_NDC-LTT","WORLD-CTRY"
"KNA","2030","ug/m3",3.29787330336982,"Central_NDC-LTT","WORLD-CTRY"
"KOR","2030","ug/m3",23.992966180866,"Central_NDC-LTT","WORLD-CTRY"
"KOS","2030","ug/m3",10.2701089446609,"Central_NDC-LTT","WORLD-CTRY"
"KWT","2030","ug/m3",36.2718398617818,"Central_NDC-LTT","WORLD-CTRY"
"LAO","2030","ug/m3",20.3574330587982,"Central_NDC-LTT","WORLD-CTRY"
"LBN","2030","ug/m3",19.2693039446237,"Central_NDC-LTT","WORLD-CTRY"
"LBR","2030","ug/m3",26.6832569345138,"Central_NDC-LTT","WORLD-CTRY"
"LBY","2030","ug/m3",23.2336721149227,"Central_NDC-LTT","WORLD-CTRY"
"LCA","2030","ug/m3",7.2163525752105,"Central_NDC-LTT","WORLD-CTRY"
"LIE","2030","ug/m3",9.73627403396332,"Central_NDC-LTT","WORLD-CTRY"
"LKA","2030","ug/m3",20.2392149404255,"Central_NDC-LTT","WORLD-CTRY"
"LSO","2030","ug/m3",12.9128012503645,"Central_NDC-LTT","WORLD-CTRY"
"LTU","2030","ug/m3",7.01802145080115,"Central_NDC-LTT","WORLD-CTRY"
"LUX","2030","ug/m3",7.61486899269109,"Central_NDC-LTT","WORLD-CTRY"
"LVA","2030","ug/m3",5.56339972910312,"Central_NDC-LTT","WORLD-CTRY"
"MAC","2030","ug/m3",30.5570420265198,"Central_NDC-LTT","WORLD-CTRY"
"MAF","2030","ug/m3",0,"Central_NDC-LTT","WORLD-CTRY"
"MAR","2030","ug/m3",8.60157909903211,"Central_NDC-LTT","WORLD-CTRY"
"MCO","2030","ug/m3",6.54729480743408,"Central_NDC-LTT","WORLD-CTRY"
"MDA","2030","ug/m3",7.34024882393963,"Central_NDC-LTT","WORLD-CTRY"
"MDG","2030","ug/m3",2.33206154802072,"Central_NDC-LTT","WORLD-CTRY"
"MDV","2030","ug/m3",0,"Central_NDC-LTT","WORLD-CTRY"
"MEX","2030","ug/m3",11.8417984234478,"Central_NDC-LTT","WORLD-CTRY"
"MHL","2030","ug/m3",0,"Central_NDC-LTT","WORLD-CTRY"
"MKD","2030","ug/m3",8.72704286541932,"Central_NDC-LTT","WORLD-CTRY"
"MLI","2030","ug/m3",35.8219607980644,"Central_NDC-LTT","WORLD-CTRY"
"MLT","2030","ug/m3",9.43856018738781,"Central_NDC-LTT","WORLD-CTRY"
"MMR","2030","ug/m3",16.0655371212159,"Central_NDC-LTT","WORLD-CTRY"
"MNE","2030","ug/m3",8.94340191033133,"Central_NDC-LTT","WORLD-CTRY"
"MNG","2030","ug/m3",16.1671667619573,"Central_NDC-LTT","WORLD-CTRY"
"MNP","2030","ug/m3",2.09570855919908,"Central_NDC-LTT","WORLD-CTRY"
"MOZ","2030","ug/m3",5.91443432436783,"Central_NDC-LTT","WORLD-CTRY"
"MRT","2030","ug/m3",35.2778604591698,"Central_NDC-LTT","WORLD-CTRY"
"MSR","2030","ug/m3",3.17426917132209,"Central_NDC-LTT","WORLD-CTRY"
"MUS","2030","ug/m3",1.09346879977345,"Central_NDC-LTT","WORLD-CTRY"
"MWI","2030","ug/m3",5.75810949476378,"Central_NDC-LTT","WORLD-CTRY"
"MYS","2030","ug/m3",10.1517536751001,"Central_NDC-LTT","WORLD-CTRY"
"NAM","2030","ug/m3",6.13963962457447,"Central_NDC-LTT","WORLD-CTRY"
"NCL","2030","ug/m3",2.77153253696024,"Central_NDC-LTT","WORLD-CTRY"
"NER","2030","ug/m3",46.5656527717193,"Central_NDC-LTT","WORLD-CTRY"
"NFK","2030","ug/m3",0.648452810339026,"Central_NDC-LTT","WORLD-CTRY"
"NGA","2030","ug/m3",47.6019613363284,"Central_NDC-LTT","WORLD-CTRY"
"NIC","2030","ug/m3",8.83072504684006,"Central_NDC-LTT","WORLD-CTRY"
"NIU","2030","ug/m3",1.27822759588795,"Central_NDC-LTT","WORLD-CTRY"
"NLD","2030","ug/m3",9.65020296286532,"Central_NDC-LTT","WORLD-CTRY"
"NOR","2030","ug/m3",4.28922325757003,"Central_NDC-LTT","WORLD-CTRY"
"NPL","2030","ug/m3",56.0374021493743,"Central_NDC-LTT","WORLD-CTRY"
"NRU","2030","ug/m3",0.122944235801697,"Central_NDC-LTT","WORLD-CTRY"
"NZL","2030","ug/m3",4.79015302676463,"Central_NDC-LTT","WORLD-CTRY"
"OMN","2030","ug/m3",47.6964063781138,"Central_NDC-LTT","WORLD-CTRY"
"PAK","2030","ug/m3",68.094257804785,"Central_NDC-LTT","WORLD-CTRY"
"PAN","2030","ug/m3",16.1354102290157,"Central_NDC-LTT","WORLD-CTRY"
"PCN","2030","ug/m3",0.186956535686146,"Central_NDC-LTT","WORLD-CTRY"
"PER","2030","ug/m3",8.77553802596196,"Central_NDC-LTT","WORLD-CTRY"
"PHL","2030","ug/m3",6.24915812352894,"Central_NDC-LTT","WORLD-CTRY"
"PLW","2030","ug/m3",1.63263748300836,"Central_NDC-LTT","WORLD-CTRY"
"PNG","2030","ug/m3",5.27995101726914,"Central_NDC-LTT","WORLD-CTRY"
"POL","2030","ug/m3",10.217382085488,"Central_NDC-LTT","WORLD-CTRY"
"PRI","2030","ug/m3",5.80471789248012,"Central_NDC-LTT","WORLD-CTRY"
"PRK","2030","ug/m3",28.3618173028038,"Central_NDC-LTT","WORLD-CTRY"
"PRT","2030","ug/m3",4.61543113907451,"Central_NDC-LTT","WORLD-CTRY"
"PRY","2030","ug/m3",6.97265737576839,"Central_NDC-LTT","WORLD-CTRY"
"PSX","2030","ug/m3",19.8774127028276,"Central_NDC-LTT","WORLD-CTRY"
"PYF","2030","ug/m3",1.01155358460396,"Central_NDC-LTT","WORLD-CTRY"
"QAT","2030","ug/m3",39.0243095925135,"Central_NDC-LTT","WORLD-CTRY"
"ROU","2030","ug/m3",9.1617709111217,"Central_NDC-LTT","WORLD-CTRY"
"RUS","2030","ug/m3",9.31625803412786,"Central_NDC-LTT","WORLD-CTRY"
"RWA","2030","ug/m3",12.8165185228603,"Central_NDC-LTT","WORLD-CTRY"
"SAH","2030","ug/m3",27.7915837574175,"Central_NDC-LTT","WORLD-CTRY"
"SAU","2030","ug/m3",40.2265836036576,"Central_NDC-LTT","WORLD-CTRY"
"SDN","2030","ug/m3",22.2507058928572,"Central_NDC-LTT","WORLD-CTRY"
"SDS","2030","ug/m3",0.189554619871928,"Central_NDC-LTT","WORLD-CTRY"
"SEN","2030","ug/m3",32.2562513608868,"Central_NDC-LTT","WORLD-CTRY"
"SGP","2030","ug/m3",23.5884183947083,"Central_NDC-LTT","WORLD-CTRY"
"SGS","2030","ug/m3",1.24161040481859,"Central_NDC-LTT","WORLD-CTRY"
"SHN","2030","ug/m3",1.52897238731384,"Central_NDC-LTT","WORLD-CTRY"
"SLB","2030","ug/m3",2.79003576936016,"Central_NDC-LTT","WORLD-CTRY"
"SLE","2030","ug/m3",24.741052467693,"Central_NDC-LTT","WORLD-CTRY"
"SLV","2030","ug/m3",15.0591202248105,"Central_NDC-LTT","WORLD-CTRY"
"SMR","2030","ug/m3",10.3149398803711,"Central_NDC-LTT","WORLD-CTRY"
"SOL","2030","ug/m3",13.4706103214604,"Central_NDC-LTT","WORLD-CTRY"
"SOM","2030","ug/m3",8.54864857414074,"Central_NDC-LTT","WORLD-CTRY"
"SPM","2030","ug/m3",1.01834566761349,"Central_NDC-LTT","WORLD-CTRY"
"SRB","2030","ug/m3",10.2186180918035,"Central_NDC-LTT","WORLD-CTRY"
"STP","2030","ug/m3",8.51668409596111,"Central_NDC-LTT","WORLD-CTRY"
"SUR","2030","ug/m3",10.4976097809375,"Central_NDC-LTT","WORLD-CTRY"
"SVK","2030","ug/m3",10.8832757012191,"Central_NDC-LTT","WORLD-CTRY"
"SVN","2030","ug/m3",9.9421436861014,"Central_NDC-LTT","WORLD-CTRY"
"SWE","2030","ug/m3",3.56759617038882,"Central_NDC-LTT","WORLD-CTRY"
"SWZ","2030","ug/m3",17.1466987948946,"Central_NDC-LTT","WORLD-CTRY"
"SXM","2030","ug/m3",3.45532706621531,"Central_NDC-LTT","WORLD-CTRY"
"SYC","2030","ug/m3",0.857616478204727,"Central_NDC-LTT","WORLD-CTRY"
"SYR","2030","ug/m3",22.3823589942213,"Central_NDC-LTT","WORLD-CTRY"
"TCA","2030","ug/m3",2.85840547293947,"Central_NDC-LTT","WORLD-CTRY"
"TCD","2030","ug/m3",31.3615877366851,"Central_NDC-LTT","WORLD-CTRY"
"TGO","2030","ug/m3",39.3872611316258,"Central_NDC-LTT","WORLD-CTRY"
"THA","2030","ug/m3",15.7374531451882,"Central_NDC-LTT","WORLD-CTRY"
"TJK","2030","ug/m3",27.4371498967467,"Central_NDC-LTT","WORLD-CTRY"
"TKM","2030","ug/m3",34.7754202195144,"Central_NDC-LTT","WORLD-CTRY"
"TLS","2030","ug/m3",5.52602427862912,"Central_NDC-LTT","WORLD-CTRY"
"TON","2030","ug/m3",1.54102033996582,"Central_NDC-LTT","WORLD-CTRY"
"TTO","2030","ug/m3",5.56473438273874,"Central_NDC-LTT","WORLD-CTRY"
"TUN","2030","ug/m3",11.7743543001752,"Central_NDC-LTT","WORLD-CTRY"
"TUR","2030","ug/m3",12.6085405875499,"Central_NDC-LTT","WORLD-CTRY"
"TWN","2030","ug/m3",13.6196455318138,"Central_NDC-LTT","WORLD-CTRY"
"TZA","2030","ug/m3",5.30806936311793,"Central_NDC-LTT","WORLD-CTRY"
"UGA","2030","ug/m3",8.95141564791285,"Central_NDC-LTT","WORLD-CTRY"
"UKR","2030","ug/m3",7.89558019452831,"Central_NDC-LTT","WORLD-CTRY"
"URY","2030","ug/m3",4.07134969760504,"Central_NDC-LTT","WORLD-CTRY"
"USA","2030","ug/m3",8.23607905024064,"Central_NDC-LTT","WORLD-CTRY"
"UZB","2030","ug/m3",33.4839829466187,"Central_NDC-LTT","WORLD-CTRY"
"VAT","2030","ug/m3",12.8978900909424,"Central_NDC-LTT","WORLD-CTRY"
"VCT","2030","ug/m3",5.22617974946665,"Central_NDC-LTT","WORLD-CTRY"
"VEN","2030","ug/m3",8.9824431394552,"Central_NDC-LTT","WORLD-CTRY"
"VGB","2030","ug/m3",0.279238487544813,"Central_NDC-LTT","WORLD-CTRY"
"VIR","2030","ug/m3",3.96110489254906,"Central_NDC-LTT","WORLD-CTRY"
"VNM","2030","ug/m3",23.8320110921636,"Central_NDC-LTT","WORLD-CTRY"
"VUT","2030","ug/m3",3.07952729221118,"Central_NDC-LTT","WORLD-CTRY"
"WLF","2030","ug/m3",0.340351139273599,"Central_NDC-LTT","WORLD-CTRY"
"WSM","2030","ug/m3",1.33766591062783,"Central_NDC-LTT","WORLD-CTRY"
"YEM","2030","ug/m3",45.0323254202335,"Central_NDC-LTT","WORLD-CTRY"
"ZAF","2030","ug/m3",12.9821703094982,"Central_NDC-LTT","WORLD-CTRY"
"ZMB","2030","ug/m3",8.70730865790237,"Central_NDC-LTT","WORLD-CTRY"
"ZWE","2030","ug/m3",5.65830750686481,"Central_NDC-LTT","WORLD-CTRY"
"ABW","2040","ug/m3",3.89951350745254,"Central_NDC-LTT","WORLD-CTRY"
"AFG","2040","ug/m3",61.8276877264232,"Central_NDC-LTT","WORLD-CTRY"
"AGO","2040","ug/m3",13.4084077140996,"Central_NDC-LTT","WORLD-CTRY"
"AIA","2040","ug/m3",1.09746668073866,"Central_NDC-LTT","WORLD-CTRY"
"ALB","2040","ug/m3",6.52112340266289,"Central_NDC-LTT","WORLD-CTRY"
"AND","2040","ug/m3",4.20319688072838,"Central_NDC-LTT","WORLD-CTRY"
"ARE","2040","ug/m3",37.5986241107842,"Central_NDC-LTT","WORLD-CTRY"
"ARG","2040","ug/m3",6.11284091133322,"Central_NDC-LTT","WORLD-CTRY"
"ARM","2040","ug/m3",11.6386860935,"Central_NDC-LTT","WORLD-CTRY"
"ASM","2040","ug/m3",1.07940958041956,"Central_NDC-LTT","WORLD-CTRY"
"ATF","2040","ug/m3",1.11028094408882,"Central_NDC-LTT","WORLD-CTRY"
"ATG","2040","ug/m3",3.49962003871675,"Central_NDC-LTT","WORLD-CTRY"
"AUS","2040","ug/m3",5.05040452159603,"Central_NDC-LTT","WORLD-CTRY"
"AUT","2040","ug/m3",8.06232725220069,"Central_NDC-LTT","WORLD-CTRY"
"AZE","2040","ug/m3",14.563784355233,"Central_NDC-LTT","WORLD-CTRY"
"BDI","2040","ug/m3",10.704604680213,"Central_NDC-LTT","WORLD-CTRY"
"BEL","2040","ug/m3",8.15542043711556,"Central_NDC-LTT","WORLD-CTRY"
"BEN","2040","ug/m3",41.7231240048492,"Central_NDC-LTT","WORLD-CTRY"
"BFA","2040","ug/m3",34.4704422742472,"Central_NDC-LTT","WORLD-CTRY"
"BGD","2040","ug/m3",83.5996051252146,"Central_NDC-LTT","WORLD-CTRY"
"BGR","2040","ug/m3",7.83629291608606,"Central_NDC-LTT","WORLD-CTRY"
"BHR","2040","ug/m3",29.983944667683,"Central_NDC-LTT","WORLD-CTRY"
"BHS","2040","ug/m3",4.46593504158654,"Central_NDC-LTT","WORLD-CTRY"
"BIH","2040","ug/m3",7.69166336352455,"Central_NDC-LTT","WORLD-CTRY"
"BLM","2040","ug/m3",0,"Central_NDC-LTT","WORLD-CTRY"
"BLR","2040","ug/m3",6.88375118180726,"Central_NDC-LTT","WORLD-CTRY"
"BLZ","2040","ug/m3",12.6977464427206,"Central_NDC-LTT","WORLD-CTRY"
"BMU","2040","ug/m3",0,"Central_NDC-LTT","WORLD-CTRY"
"BOL","2040","ug/m3",9.43265109965721,"Central_NDC-LTT","WORLD-CTRY"
"BRA","2040","ug/m3",6.63299244650311,"Central_NDC-LTT","WORLD-CTRY"
"BRB","2040","ug/m3",4.50773213538656,"Central_NDC-LTT","WORLD-CTRY"
"BRN","2040","ug/m3",6.35953328124583,"Central_NDC-LTT","WORLD-CTRY"
"BTN","2040","ug/m3",37.7119893867578,"Central_NDC-LTT","WORLD-CTRY"
"BWA","2040","ug/m3",7.5498609024185,"Central_NDC-LTT","WORLD-CTRY"
"CAF","2040","ug/m3",20.0060790937433,"Central_NDC-LTT","WORLD-CTRY"
"CAN","2040","ug/m3",7.19097060391811,"Central_NDC-LTT","WORLD-CTRY"
"CHE","2040","ug/m3",13.0890477749932,"Central_NDC-LTT","WORLD-CTRY"
"CHL","2040","ug/m3",38.8394702986145,"Central_NDC-LTT","WORLD-CTRY"
"CHN","2040","ug/m3",26.3495899585935,"Central_NDC-LTT","WORLD-CTRY"
"CIV","2040","ug/m3",31.9471047562171,"Central_NDC-LTT","WORLD-CTRY"
"CMR","2040","ug/m3",31.1699527075739,"Central_NDC-LTT","WORLD-CTRY"
"COD","2040","ug/m3",17.6096454824366,"Central_NDC-LTT","WORLD-CTRY"
"COG","2040","ug/m3",24.0770662291756,"Central_NDC-LTT","WORLD-CTRY"
"COK","2040","ug/m3",0.397087475832771,"Central_NDC-LTT","WORLD-CTRY"
"COL","2040","ug/m3",14.863119393375,"Central_NDC-LTT","WORLD-CTRY"
"COM","2040","ug/m3",1.26212336534762,"Central_NDC-LTT","WORLD-CTRY"
"CPV","2040","ug/m3",16.342161228599,"Central_NDC-LTT","WORLD-CTRY"
"CRI","2040","ug/m3",8.28867817015087,"Central_NDC-LTT","WORLD-CTRY"
"CUB","2040","ug/m3",7.46979870782426,"Central_NDC-LTT","WORLD-CTRY"
"CUW","2040","ug/m3",4.81727833680704,"Central_NDC-LTT","WORLD-CTRY"
"CYM","2040","ug/m3",0.463320024085767,"Central_NDC-LTT","WORLD-CTRY"
"CYN","2040","ug/m3",7.78287412372083,"Central_NDC-LTT","WORLD-CTRY"
"CYP","2040","ug/m3",8.62820576412281,"Central_NDC-LTT","WORLD-CTRY"
"CZE","2040","ug/m3",7.85092961932532,"Central_NDC-LTT","WORLD-CTRY"
"DEU","2040","ug/m3",7.25908117496871,"Central_NDC-LTT","WORLD-CTRY"
"DJI","2040","ug/m3",16.961798005327,"Central_NDC-LTT","WORLD-CTRY"
"DMA","2040","ug/m3",6.021426120033,"Central_NDC-LTT","WORLD-CTRY"
"DNK","2040","ug/m3",5.57650710886771,"Central_NDC-LTT","WORLD-CTRY"
"DOM","2040","ug/m3",10.2216690195655,"Central_NDC-LTT","WORLD-CTRY"
"DZA","2040","ug/m3",19.7484581598637,"Central_NDC-LTT","WORLD-CTRY"
"ECU","2040","ug/m3",9.9626533237273,"Central_NDC-LTT","WORLD-CTRY"
"EGY","2040","ug/m3",54.7436157031492,"Central_NDC-LTT","WORLD-CTRY"
"ERI","2040","ug/m3",15.9212159746293,"Central_NDC-LTT","WORLD-CTRY"
"ESP","2040","ug/m3",4.53526659620387,"Central_NDC-LTT","WORLD-CTRY"
"EST","2040","ug/m3",3.34368834887075,"Central_NDC-LTT","WORLD-CTRY"
"ETH","2040","ug/m3",10.7750512864724,"Central_NDC-LTT","WORLD-CTRY"
"FIN","2040","ug/m3",3.38862265571246,"Central_NDC-LTT","WORLD-CTRY"
"FJI","2040","ug/m3",1.48223952098735,"Central_NDC-LTT","WORLD-CTRY"
"FLK","2040","ug/m3",1.99999417827568,"Central_NDC-LTT","WORLD-CTRY"
"FRA","2040","ug/m3",5.53267026366158,"Central_NDC-LTT","WORLD-CTRY"
"FRO","2040","ug/m3",1.61172008434532,"Central_NDC-LTT","WORLD-CTRY"
"FSM","2040","ug/m3",1.13193167344748,"Central_NDC-LTT","WORLD-CTRY"
"GAB","2040","ug/m3",18.8349899566682,"Central_NDC-LTT","WORLD-CTRY"
"GBR","2040","ug/m3",5.42264707395902,"Central_NDC-LTT","WORLD-CTRY"
"GEO","2040","ug/m3",9.26803728535241,"Central_NDC-LTT","WORLD-CTRY"
"GGY","2040","ug/m3",2.37448364098867,"Central_NDC-LTT","WORLD-CTRY"
"GHA","2040","ug/m3",37.7720031912789,"Central_NDC-LTT","WORLD-CTRY"
"GIN","2040","ug/m3",28.1059984731439,"Central_NDC-LTT","WORLD-CTRY"
"GMB","2040","ug/m3",31.1592706927898,"Central_NDC-LTT","WORLD-CTRY"
"GNB","2040","ug/m3",27.9138202683331,"Central_NDC-LTT","WORLD-CTRY"
"GNQ","2040","ug/m3",18.4384089304298,"Central_NDC-LTT","WORLD-CTRY"
"GRC","2040","ug/m3",7.39643582783292,"Central_NDC-LTT","WORLD-CTRY"
"GRD","2040","ug/m3",4.18372358419956,"Central_NDC-LTT","WORLD-CTRY"
"GRL","2040","ug/m3",3.03009440822396,"Central_NDC-LTT","WORLD-CTRY"
"GTM","2040","ug/m3",16.6781711334467,"Central_NDC-LTT","WORLD-CTRY"
"GUM","2040","ug/m3",4.21251467108727,"Central_NDC-LTT","WORLD-CTRY"
"GUY","2040","ug/m3",7.74818648436767,"Central_NDC-LTT","WORLD-CTRY"
"HKG","2040","ug/m3",18.6790668863045,"Central_NDC-LTT","WORLD-CTRY"
"HMD","2040","ug/m3",1.09808783056915,"Central_NDC-LTT","WORLD-CTRY"
"HND","2040","ug/m3",13.2116426315328,"Central_NDC-LTT","WORLD-CTRY"
"HRV","2040","ug/m3",6.5410951773136,"Central_NDC-LTT","WORLD-CTRY"
"HTI","2040","ug/m3",10.1640928928559,"Central_NDC-LTT","WORLD-CTRY"
"HUN","2040","ug/m3",8.85914255146144,"Central_NDC-LTT","WORLD-CTRY"
"IDN","2040","ug/m3",10.3682451222861,"Central_NDC-LTT","WORLD-CTRY"
"IMN","2040","ug/m3",3.3126044494875,"Central_NDC-LTT","WORLD-CTRY"
"IND","2040","ug/m3",57.1438812106803,"Central_NDC-LTT","WORLD-CTRY"
"IOA","2040","ug/m3",3.55346737236812,"Central_NDC-LTT","WORLD-CTRY"
"IOT","2040","ug/m3",0,"Central_NDC-LTT","WORLD-CTRY"
"IRL","2040","ug/m3",3.39798250566621,"Central_NDC-LTT","WORLD-CTRY"
"IRN","2040","ug/m3",25.4467606221857,"Central_NDC-LTT","WORLD-CTRY"
"IRQ","2040","ug/m3",19.1914629525303,"Central_NDC-LTT","WORLD-CTRY"
"ISL","2040","ug/m3",3.21342385991138,"Central_NDC-LTT","WORLD-CTRY"
"ISR","2040","ug/m3",18.6158053657442,"Central_NDC-LTT","WORLD-CTRY"
"ITA","2040","ug/m3",9.34282249902166,"Central_NDC-LTT","WORLD-CTRY"
"JAM","2040","ug/m3",11.9272895783063,"Central_NDC-LTT","WORLD-CTRY"
"JEY","2040","ug/m3",2.61455384531329,"Central_NDC-LTT","WORLD-CTRY"
"JOR","2040","ug/m3",20.3465473545939,"Central_NDC-LTT","WORLD-CTRY"
"JPN","2040","ug/m3",10.8584104071459,"Central_NDC-LTT","WORLD-CTRY"
"KAS","2040","ug/m3",7.95168945390648,"Central_NDC-LTT","WORLD-CTRY"
"KAZ","2040","ug/m3",14.3401554966553,"Central_NDC-LTT","WORLD-CTRY"
"KEN","2040","ug/m3",5.18732103802475,"Central_NDC-LTT","WORLD-CTRY"
"KGZ","2040","ug/m3",24.587724001221,"Central_NDC-LTT","WORLD-CTRY"
"KHM","2040","ug/m3",11.0432447662505,"Central_NDC-LTT","WORLD-CTRY"
"KIR","2040","ug/m3",0.0747694583918085,"Central_NDC-LTT","WORLD-CTRY"
"KNA","2040","ug/m3",3.20067466455063,"Central_NDC-LTT","WORLD-CTRY"
"KOR","2040","ug/m3",21.8635804363292,"Central_NDC-LTT","WORLD-CTRY"
"KOS","2040","ug/m3",8.01770111418264,"Central_NDC-LTT","WORLD-CTRY"
"KWT","2040","ug/m3",32.4356531781443,"Central_NDC-LTT","WORLD-CTRY"
"LAO","2040","ug/m3",18.2611104125412,"Central_NDC-LTT","WORLD-CTRY"
"LBN","2040","ug/m3",16.1510496952289,"Central_NDC-LTT","WORLD-CTRY"
"LBR","2040","ug/m3",27.9718957325944,"Central_NDC-LTT","WORLD-CTRY"
"LBY","2040","ug/m3",22.6266589892842,"Central_NDC-LTT","WORLD-CTRY"
"LCA","2040","ug/m3",7.00366400423008,"Central_NDC-LTT","WORLD-CTRY"
"LIE","2040","ug/m3",8.37970008107716,"Central_NDC-LTT","WORLD-CTRY"
"LKA","2040","ug/m3",19.1865776841503,"Central_NDC-LTT","WORLD-CTRY"
"LSO","2040","ug/m3",11.6599241458289,"Central_NDC-LTT","WORLD-CTRY"
"LTU","2040","ug/m3",5.91604453795378,"Central_NDC-LTT","WORLD-CTRY"
"LUX","2040","ug/m3",6.63050571328423,"Central_NDC-LTT","WORLD-CTRY"
"LVA","2040","ug/m3",4.69573038183942,"Central_NDC-LTT","WORLD-CTRY"
"MAC","2040","ug/m3",26.446976184845,"Central_NDC-LTT","WORLD-CTRY"
"MAF","2040","ug/m3",0,"Central_NDC-LTT","WORLD-CTRY"
"MAR","2040","ug/m3",8.37648433753054,"Central_NDC-LTT","WORLD-CTRY"
"MCO","2040","ug/m3",5.47550319035848,"Central_NDC-LTT","WORLD-CTRY"
"MDA","2040","ug/m3",6.17566694841442,"Central_NDC-LTT","WORLD-CTRY"
"MDG","2040","ug/m3",2.4225589988951,"Central_NDC-LTT","WORLD-CTRY"
"MDV","2040","ug/m3",0,"Central_NDC-LTT","WORLD-CTRY"
"MEX","2040","ug/m3",10.7089559957279,"Central_NDC-LTT","WORLD-CTRY"
"MHL","2040","ug/m3",0,"Central_NDC-LTT","WORLD-CTRY"
"MKD","2040","ug/m3",6.82124957185264,"Central_NDC-LTT","WORLD-CTRY"
"MLI","2040","ug/m3",37.5382241986941,"Central_NDC-LTT","WORLD-CTRY"
"MLT","2040","ug/m3",7.89346862353867,"Central_NDC-LTT","WORLD-CTRY"
"MMR","2040","ug/m3",14.4390589082434,"Central_NDC-LTT","WORLD-CTRY"
"MNE","2040","ug/m3",6.98196329681481,"Central_NDC-LTT","WORLD-CTRY"
"MNG","2040","ug/m3",14.1208784754456,"Central_NDC-LTT","WORLD-CTRY"
"MNP","2040","ug/m3",2.06373494427379,"Central_NDC-LTT","WORLD-CTRY"
"MOZ","2040","ug/m3",6.84563500342376,"Central_NDC-LTT","WORLD-CTRY"
"MRT","2040","ug/m3",36.9799328600607,"Central_NDC-LTT","WORLD-CTRY"
"MSR","2040","ug/m3",3.08071365075953,"Central_NDC-LTT","WORLD-CTRY"
"MUS","2040","ug/m3",1.13590171563633,"Central_NDC-LTT","WORLD-CTRY"
"MWI","2040","ug/m3",6.66932428800732,"Central_NDC-LTT","WORLD-CTRY"
"MYS","2040","ug/m3",9.12992140479395,"Central_NDC-LTT","WORLD-CTRY"
"NAM","2040","ug/m3",7.09346973770502,"Central_NDC-LTT","WORLD-CTRY"
"NCL","2040","ug/m3",2.72924813650565,"Central_NDC-LTT","WORLD-CTRY"
"NER","2040","ug/m3",48.8037362366089,"Central_NDC-LTT","WORLD-CTRY"
"NFK","2040","ug/m3",0.638559547630516,"Central_NDC-LTT","WORLD-CTRY"
"NGA","2040","ug/m3",49.9008459315459,"Central_NDC-LTT","WORLD-CTRY"
"NIC","2040","ug/m3",8.57045600076198,"Central_NDC-LTT","WORLD-CTRY"
"NIU","2040","ug/m3",1.2587261207005,"Central_NDC-LTT","WORLD-CTRY"
"NLD","2040","ug/m3",8.48954876995138,"Central_NDC-LTT","WORLD-CTRY"
"NOR","2040","ug/m3",3.75827346028137,"Central_NDC-LTT","WORLD-CTRY"
"NPL","2040","ug/m3",59.3283128151631,"Central_NDC-LTT","WORLD-CTRY"
"NRU","2040","ug/m3",0.12106851650321,"Central_NDC-LTT","WORLD-CTRY"
"NZL","2040","ug/m3",4.76467167345012,"Central_NDC-LTT","WORLD-CTRY"
"OMN","2040","ug/m3",42.6519339123208,"Central_NDC-LTT","WORLD-CTRY"
"PAK","2040","ug/m3",72.2589491267493,"Central_NDC-LTT","WORLD-CTRY"
"PAN","2040","ug/m3",15.6591566493416,"Central_NDC-LTT","WORLD-CTRY"
"PCN","2040","ug/m3",0.18410418250344,"Central_NDC-LTT","WORLD-CTRY"
"PER","2040","ug/m3",8.47566343367565,"Central_NDC-LTT","WORLD-CTRY"
"PHL","2040","ug/m3",5.81440553204095,"Central_NDC-LTT","WORLD-CTRY"
"PLW","2040","ug/m3",1.60772887696611,"Central_NDC-LTT","WORLD-CTRY"
"PNG","2040","ug/m3",5.19827375099175,"Central_NDC-LTT","WORLD-CTRY"
"POL","2040","ug/m3",8.61453700858173,"Central_NDC-LTT","WORLD-CTRY"
"PRI","2040","ug/m3",5.63363475596342,"Central_NDC-LTT","WORLD-CTRY"
"PRK","2040","ug/m3",24.7714740972448,"Central_NDC-LTT","WORLD-CTRY"
"PRT","2040","ug/m3",3.98663368313419,"Central_NDC-LTT","WORLD-CTRY"
"PRY","2040","ug/m3",6.73267031195096,"Central_NDC-LTT","WORLD-CTRY"
"PSX","2040","ug/m3",16.6607512806448,"Central_NDC-LTT","WORLD-CTRY"
"PYF","2040","ug/m3",0.996120620046032,"Central_NDC-LTT","WORLD-CTRY"
"QAT","2040","ug/m3",34.8970173142473,"Central_NDC-LTT","WORLD-CTRY"
"ROU","2040","ug/m3",7.32852126469757,"Central_NDC-LTT","WORLD-CTRY"
"RUS","2040","ug/m3",8.42680781697273,"Central_NDC-LTT","WORLD-CTRY"
"RWA","2040","ug/m3",13.3138735086986,"Central_NDC-LTT","WORLD-CTRY"
"SAH","2040","ug/m3",29.1337479342364,"Central_NDC-LTT","WORLD-CTRY"
"SAU","2040","ug/m3",35.9717528697568,"Central_NDC-LTT","WORLD-CTRY"
"SDN","2040","ug/m3",23.113618444386,"Central_NDC-LTT","WORLD-CTRY"
"SDS","2040","ug/m3",0.19691043429176,"Central_NDC-LTT","WORLD-CTRY"
"SEN","2040","ug/m3",33.814031557474,"Central_NDC-LTT","WORLD-CTRY"
"SGP","2040","ug/m3",21.2112062068851,"Central_NDC-LTT","WORLD-CTRY"
"SGS","2040","ug/m3",1.07174075232835,"Central_NDC-LTT","WORLD-CTRY"
"SHN","2040","ug/m3",1.6028124171418,"Central_NDC-LTT","WORLD-CTRY"
"SLB","2040","ug/m3",2.74746896813179,"Central_NDC-LTT","WORLD-CTRY"
"SLE","2040","ug/m3",25.9358946661316,"Central_NDC-LTT","WORLD-CTRY"
"SLV","2040","ug/m3",14.6152808462513,"Central_NDC-LTT","WORLD-CTRY"
"SMR","2040","ug/m3",8.62638506571452,"Central_NDC-LTT","WORLD-CTRY"
"SOL","2040","ug/m3",13.9933478294388,"Central_NDC-LTT","WORLD-CTRY"
"SOM","2040","ug/m3",8.88038551687131,"Central_NDC-LTT","WORLD-CTRY"
"SPM","2040","ug/m3",0.918721161442674,"Central_NDC-LTT","WORLD-CTRY"
"SRB","2040","ug/m3",7.98213962619521,"Central_NDC-LTT","WORLD-CTRY"
"STP","2040","ug/m3",8.92798812287792,"Central_NDC-LTT","WORLD-CTRY"
"SUR","2040","ug/m3",10.139953424136,"Central_NDC-LTT","WORLD-CTRY"
"SVK","2040","ug/m3",8.9680792556976,"Central_NDC-LTT","WORLD-CTRY"
"SVN","2040","ug/m3",8.52915239986945,"Central_NDC-LTT","WORLD-CTRY"
"SWE","2040","ug/m3",2.96467769457259,"Central_NDC-LTT","WORLD-CTRY"
"SWZ","2040","ug/m3",15.5596909411988,"Central_NDC-LTT","WORLD-CTRY"
"SXM","2040","ug/m3",3.40261017954027,"Central_NDC-LTT","WORLD-CTRY"
"SYC","2040","ug/m3",0.890896947894778,"Central_NDC-LTT","WORLD-CTRY"
"SYR","2040","ug/m3",18.7569446900186,"Central_NDC-LTT","WORLD-CTRY"
"TCA","2040","ug/m3",2.77415936620612,"Central_NDC-LTT","WORLD-CTRY"
"TCD","2040","ug/m3",32.5752851238435,"Central_NDC-LTT","WORLD-CTRY"
"TGO","2040","ug/m3",41.2894257681243,"Central_NDC-LTT","WORLD-CTRY"
"THA","2040","ug/m3",13.8619644997993,"Central_NDC-LTT","WORLD-CTRY"
"TJK","2040","ug/m3",26.130235036763,"Central_NDC-LTT","WORLD-CTRY"
"TKM","2040","ug/m3",33.0447526253358,"Central_NDC-LTT","WORLD-CTRY"
"TLS","2040","ug/m3",5.2402064908818,"Central_NDC-LTT","WORLD-CTRY"
"TON","2040","ug/m3",1.51750936508179,"Central_NDC-LTT","WORLD-CTRY"
"TTO","2040","ug/m3",5.40072426862517,"Central_NDC-LTT","WORLD-CTRY"
"TUN","2040","ug/m3",11.4662311890854,"Central_NDC-LTT","WORLD-CTRY"
"TUR","2040","ug/m3",9.90712510124156,"Central_NDC-LTT","WORLD-CTRY"
"TWN","2040","ug/m3",12.3599906987372,"Central_NDC-LTT","WORLD-CTRY"
"TZA","2040","ug/m3",5.52209288899633,"Central_NDC-LTT","WORLD-CTRY"
"UGA","2040","ug/m3",9.29878228145615,"Central_NDC-LTT","WORLD-CTRY"
"UKR","2040","ug/m3",6.6465928853552,"Central_NDC-LTT","WORLD-CTRY"
"URY","2040","ug/m3",3.74844250355236,"Central_NDC-LTT","WORLD-CTRY"
"USA","2040","ug/m3",7.43053003235077,"Central_NDC-LTT","WORLD-CTRY"
"UZB","2040","ug/m3",31.8040154452595,"Central_NDC-LTT","WORLD-CTRY"
"VAT","2040","ug/m3",10.786506652832,"Central_NDC-LTT","WORLD-CTRY"
"VCT","2040","ug/m3",5.07214800886406,"Central_NDC-LTT","WORLD-CTRY"
"VEN","2040","ug/m3",8.67620167776616,"Central_NDC-LTT","WORLD-CTRY"
"VGB","2040","ug/m3",0.271008458053857,"Central_NDC-LTT","WORLD-CTRY"
"VIR","2040","ug/m3",3.84435882498493,"Central_NDC-LTT","WORLD-CTRY"
"VNM","2040","ug/m3",21.1043368633081,"Central_NDC-LTT","WORLD-CTRY"
"VUT","2040","ug/m3",3.03254395064023,"Central_NDC-LTT","WORLD-CTRY"
"WLF","2040","ug/m3",0.335158517427534,"Central_NDC-LTT","WORLD-CTRY"
"WSM","2040","ug/m3",1.31725755973277,"Central_NDC-LTT","WORLD-CTRY"
"YEM","2040","ug/m3",40.2696118605163,"Central_NDC-LTT","WORLD-CTRY"
"ZAF","2040","ug/m3",11.7331134738637,"Central_NDC-LTT","WORLD-CTRY"
"ZMB","2040","ug/m3",10.0830462741566,"Central_NDC-LTT","WORLD-CTRY"
"ZWE","2040","ug/m3",6.53863929443827,"Central_NDC-LTT","WORLD-CTRY"
"ABW","2050","ug/m3",3.85701055226364,"Central_NDC-LTT","WORLD-CTRY"
"AFG","2050","ug/m3",66.7864886937858,"Central_NDC-LTT","WORLD-CTRY"
"AGO","2050","ug/m3",13.4389815767046,"Central_NDC-LTT","WORLD-CTRY"
"AIA","2050","ug/m3",1.08550484975179,"Central_NDC-LTT","WORLD-CTRY"
"ALB","2050","ug/m3",6.02695779417727,"Central_NDC-LTT","WORLD-CTRY"
"AND","2050","ug/m3",3.85567235056295,"Central_NDC-LTT","WORLD-CTRY"
"ARE","2050","ug/m3",36.2432421509309,"Central_NDC-LTT","WORLD-CTRY"
"ARG","2050","ug/m3",5.82330713945531,"Central_NDC-LTT","WORLD-CTRY"
"ARM","2050","ug/m3",10.9689244088549,"Central_NDC-LTT","WORLD-CTRY"
"ASM","2050","ug/m3",1.07456916865736,"Central_NDC-LTT","WORLD-CTRY"
"ATF","2050","ug/m3",1.01848169236858,"Central_NDC-LTT","WORLD-CTRY"
"ATG","2050","ug/m3",3.46147576197363,"Central_NDC-LTT","WORLD-CTRY"
"AUS","2050","ug/m3",5.01980005768364,"Central_NDC-LTT","WORLD-CTRY"
"AUT","2050","ug/m3",7.47343207953806,"Central_NDC-LTT","WORLD-CTRY"
"AZE","2050","ug/m3",13.7549421639915,"Central_NDC-LTT","WORLD-CTRY"
"BDI","2050","ug/m3",11.1448999323974,"Central_NDC-LTT","WORLD-CTRY"
"BEL","2050","ug/m3",7.73191105184421,"Central_NDC-LTT","WORLD-CTRY"
"BEN","2050","ug/m3",43.8883856843683,"Central_NDC-LTT","WORLD-CTRY"
"BFA","2050","ug/m3",36.2593193873061,"Central_NDC-LTT","WORLD-CTRY"
"BGD","2050","ug/m3",90.0689527259022,"Central_NDC-LTT","WORLD-CTRY"
"BGR","2050","ug/m3",7.31182334869405,"Central_NDC-LTT","WORLD-CTRY"
"BHR","2050","ug/m3",28.903063388331,"Central_NDC-LTT","WORLD-CTRY"
"BHS","2050","ug/m3",4.41725830402904,"Central_NDC-LTT","WORLD-CTRY"
"BIH","2050","ug/m3",7.10533398131395,"Central_NDC-LTT","WORLD-CTRY"
"BLM","2050","ug/m3",0,"Central_NDC-LTT","WORLD-CTRY"
"BLR","2050","ug/m3",6.40875820292061,"Central_NDC-LTT","WORLD-CTRY"
"BLZ","2050","ug/m3",12.558057351326,"Central_NDC-LTT","WORLD-CTRY"
"BMU","2050","ug/m3",0,"Central_NDC-LTT","WORLD-CTRY"
"BOL","2050","ug/m3",9.23851730424172,"Central_NDC-LTT","WORLD-CTRY"
"BRA","2050","ug/m3",6.3008158238445,"Central_NDC-LTT","WORLD-CTRY"
"BRB","2050","ug/m3",4.4585998380111,"Central_NDC-LTT","WORLD-CTRY"
"BRN","2050","ug/m3",6.11005818822668,"Central_NDC-LTT","WORLD-CTRY"
"BTN","2050","ug/m3",40.5006047419105,"Central_NDC-LTT","WORLD-CTRY"
"BWA","2050","ug/m3",7.55131318841507,"Central_NDC-LTT","WORLD-CTRY"
"CAF","2050","ug/m3",20.8297733493455,"Central_NDC-LTT","WORLD-CTRY"
"CAN","2050","ug/m3",7.07000768516582,"Central_NDC-LTT","WORLD-CTRY"
"CHE","2050","ug/m3",11.10991566868,"Central_NDC-LTT","WORLD-CTRY"
"CHL","2050","ug/m3",37.5497119779265,"Central_NDC-LTT","WORLD-CTRY"
"CHN","2050","ug/m3",23.1597597417216,"Central_NDC-LTT","WORLD-CTRY"
"CIV","2050","ug/m3",33.6050309311435,"Central_NDC-LTT","WORLD-CTRY"
"CMR","2050","ug/m3",32.7796745630509,"Central_NDC-LTT","WORLD-CTRY"
"COD","2050","ug/m3",18.33010147251,"Central_NDC-LTT","WORLD-CTRY"
"COG","2050","ug/m3",25.3158085188285,"Central_NDC-LTT","WORLD-CTRY"
"COK","2050","ug/m3",0.395306804600884,"Central_NDC-LTT","WORLD-CTRY"
"COL","2050","ug/m3",14.5621125440147,"Central_NDC-LTT","WORLD-CTRY"
"COM","2050","ug/m3",1.31403623246055,"Central_NDC-LTT","WORLD-CTRY"
"CPV","2050","ug/m3",17.1902535049535,"Central_NDC-LTT","WORLD-CTRY"
"CRI","2050","ug/m3",8.19833532767426,"Central_NDC-LTT","WORLD-CTRY"
"CUB","2050","ug/m3",7.38838126128953,"Central_NDC-LTT","WORLD-CTRY"
"CUW","2050","ug/m3",4.76477213980446,"Central_NDC-LTT","WORLD-CTRY"
"CYM","2050","ug/m3",0.45827004403779,"Central_NDC-LTT","WORLD-CTRY"
"CYN","2050","ug/m3",7.36675871070832,"Central_NDC-LTT","WORLD-CTRY"
"CYP","2050","ug/m3",8.16689424092434,"Central_NDC-LTT","WORLD-CTRY"
"CZE","2050","ug/m3",7.14696159555977,"Central_NDC-LTT","WORLD-CTRY"
"DEU","2050","ug/m3",6.674422310153,"Central_NDC-LTT","WORLD-CTRY"
"DJI","2050","ug/m3",17.6594602869437,"Central_NDC-LTT","WORLD-CTRY"
"DMA","2050","ug/m3",5.95579530931499,"Central_NDC-LTT","WORLD-CTRY"
"DNK","2050","ug/m3",5.28911159496869,"Central_NDC-LTT","WORLD-CTRY"
"DOM","2050","ug/m3",10.1102574169716,"Central_NDC-LTT","WORLD-CTRY"
"DZA","2050","ug/m3",19.8431745257678,"Central_NDC-LTT","WORLD-CTRY"
"ECU","2050","ug/m3",9.760954528692,"Central_NDC-LTT","WORLD-CTRY"
"EGY","2050","ug/m3",58.2457880477244,"Central_NDC-LTT","WORLD-CTRY"
"ERI","2050","ug/m3",16.5760776210668,"Central_NDC-LTT","WORLD-CTRY"
"ESP","2050","ug/m3",4.44062034815992,"Central_NDC-LTT","WORLD-CTRY"
"EST","2050","ug/m3",3.05734911798418,"Central_NDC-LTT","WORLD-CTRY"
"ETH","2050","ug/m3",11.2182440824089,"Central_NDC-LTT","WORLD-CTRY"
"FIN","2050","ug/m3",3.23566526502333,"Central_NDC-LTT","WORLD-CTRY"
"FJI","2050","ug/m3",1.47559274441854,"Central_NDC-LTT","WORLD-CTRY"
"FLK","2050","ug/m3",1.9039041239389,"Central_NDC-LTT","WORLD-CTRY"
"FRA","2050","ug/m3",5.07244484824338,"Central_NDC-LTT","WORLD-CTRY"
"FRO","2050","ug/m3",1.52911226300805,"Central_NDC-LTT","WORLD-CTRY"
"FSM","2050","ug/m3",1.12685579242974,"Central_NDC-LTT","WORLD-CTRY"
"GAB","2050","ug/m3",19.8124499402553,"Central_NDC-LTT","WORLD-CTRY"
"GBR","2050","ug/m3",5.06218266150488,"Central_NDC-LTT","WORLD-CTRY"
"GEO","2050","ug/m3",8.74657455806183,"Central_NDC-LTT","WORLD-CTRY"
"GGY","2050","ug/m3",2.17815888722738,"Central_NDC-LTT","WORLD-CTRY"
"GHA","2050","ug/m3",39.7322177691385,"Central_NDC-LTT","WORLD-CTRY"
"GIN","2050","ug/m3",29.5645864593871,"Central_NDC-LTT","WORLD-CTRY"
"GMB","2050","ug/m3",32.7763116040163,"Central_NDC-LTT","WORLD-CTRY"
"GNB","2050","ug/m3",29.3624349325191,"Central_NDC-LTT","WORLD-CTRY"
"GNQ","2050","ug/m3",19.3952879600475,"Central_NDC-LTT","WORLD-CTRY"
"GRC","2050","ug/m3",6.99760627510705,"Central_NDC-LTT","WORLD-CTRY"
"GRD","2050","ug/m3",4.13812290297614,"Central_NDC-LTT","WORLD-CTRY"
"GRL","2050","ug/m3",2.97902594342335,"Central_NDC-LTT","WORLD-CTRY"
"GTM","2050","ug/m3",16.4960478422927,"Central_NDC-LTT","WORLD-CTRY"
"GUM","2050","ug/m3",4.19362449169159,"Central_NDC-LTT","WORLD-CTRY"
"GUY","2050","ug/m3",7.58935714884996,"Central_NDC-LTT","WORLD-CTRY"
"HKG","2050","ug/m3",16.4115010502621,"Central_NDC-LTT","WORLD-CTRY"
"HMD","2050","ug/m3",1.09143362464016,"Central_NDC-LTT","WORLD-CTRY"
"HND","2050","ug/m3",13.0676415707857,"Central_NDC-LTT","WORLD-CTRY"
"HRV","2050","ug/m3",6.04275755227022,"Central_NDC-LTT","WORLD-CTRY"
"HTI","2050","ug/m3",10.0533088759244,"Central_NDC-LTT","WORLD-CTRY"
"HUN","2050","ug/m3",8.07628183853631,"Central_NDC-LTT","WORLD-CTRY"
"IDN","2050","ug/m3",10.0118530783883,"Central_NDC-LTT","WORLD-CTRY"
"IMN","2050","ug/m3",3.09240278797765,"Central_NDC-LTT","WORLD-CTRY"
"IND","2050","ug/m3",55.1381979712616,"Central_NDC-LTT","WORLD-CTRY"
"IOA","2050","ug/m3",3.53193408456342,"Central_NDC-LTT","WORLD-CTRY"
"IOT","2050","ug/m3",0,"Central_NDC-LTT","WORLD-CTRY"
"IRL","2050","ug/m3",3.17210542074105,"Central_NDC-LTT","WORLD-CTRY"
"IRN","2050","ug/m3",24.5394260843706,"Central_NDC-LTT","WORLD-CTRY"
"IRQ","2050","ug/m3",18.4974368183327,"Central_NDC-LTT","WORLD-CTRY"
"ISL","2050","ug/m3",2.74406407602297,"Central_NDC-LTT","WORLD-CTRY"
"ISR","2050","ug/m3",17.7577464267741,"Central_NDC-LTT","WORLD-CTRY"
"ITA","2050","ug/m3",8.63801922169228,"Central_NDC-LTT","WORLD-CTRY"
"JAM","2050","ug/m3",11.7972874482438,"Central_NDC-LTT","WORLD-CTRY"
"JEY","2050","ug/m3",2.44075426593904,"Central_NDC-LTT","WORLD-CTRY"
"JOR","2050","ug/m3",19.3574928433532,"Central_NDC-LTT","WORLD-CTRY"
"JPN","2050","ug/m3",9.42100962402231,"Central_NDC-LTT","WORLD-CTRY"
"KAS","2050","ug/m3",7.66462285340315,"Central_NDC-LTT","WORLD-CTRY"
"KAZ","2050","ug/m3",13.7511742013992,"Central_NDC-LTT","WORLD-CTRY"
"KEN","2050","ug/m3",5.40068274429408,"Central_NDC-LTT","WORLD-CTRY"
"KGZ","2050","ug/m3",23.7613132104916,"Central_NDC-LTT","WORLD-CTRY"
"KHM","2050","ug/m3",10.5834377571351,"Central_NDC-LTT","WORLD-CTRY"
"KIR","2050","ug/m3",0.0744341705019111,"Central_NDC-LTT","WORLD-CTRY"
"KNA","2050","ug/m3",3.16578878606031,"Central_NDC-LTT","WORLD-CTRY"
"KOR","2050","ug/m3",20.8211351251782,"Central_NDC-LTT","WORLD-CTRY"
"KOS","2050","ug/m3",7.40651810551072,"Central_NDC-LTT","WORLD-CTRY"
"KWT","2050","ug/m3",31.2663905951596,"Central_NDC-LTT","WORLD-CTRY"
"LAO","2050","ug/m3",17.5063597788846,"Central_NDC-LTT","WORLD-CTRY"
"LBN","2050","ug/m3",15.3651113916014,"Central_NDC-LTT","WORLD-CTRY"
"LBR","2050","ug/m3",29.4235242631455,"Central_NDC-LTT","WORLD-CTRY"
"LBY","2050","ug/m3",22.7298616522311,"Central_NDC-LTT","WORLD-CTRY"
"LCA","2050","ug/m3",6.92732715294351,"Central_NDC-LTT","WORLD-CTRY"
"LIE","2050","ug/m3",7.77268985931031,"Central_NDC-LTT","WORLD-CTRY"
"LKA","2050","ug/m3",18.493916996445,"Central_NDC-LTT","WORLD-CTRY"
"LSO","2050","ug/m3",10.6120388308129,"Central_NDC-LTT","WORLD-CTRY"
"LTU","2050","ug/m3",5.40978606659598,"Central_NDC-LTT","WORLD-CTRY"
"LUX","2050","ug/m3",6.25039026407454,"Central_NDC-LTT","WORLD-CTRY"
"LVA","2050","ug/m3",4.29616206813341,"Central_NDC-LTT","WORLD-CTRY"
"MAC","2050","ug/m3",23.2364164352417,"Central_NDC-LTT","WORLD-CTRY"
"MAF","2050","ug/m3",0,"Central_NDC-LTT","WORLD-CTRY"
"MAR","2050","ug/m3",8.41425334179542,"Central_NDC-LTT","WORLD-CTRY"
"MCO","2050","ug/m3",5.06892070770264,"Central_NDC-LTT","WORLD-CTRY"
"MDA","2050","ug/m3",5.74836986230901,"Central_NDC-LTT","WORLD-CTRY"
"MDG","2050","ug/m3",2.52220222239604,"Central_NDC-LTT","WORLD-CTRY"
"MDV","2050","ug/m3",0,"Central_NDC-LTT","WORLD-CTRY"
"MEX","2050","ug/m3",10.2817718211519,"Central_NDC-LTT","WORLD-CTRY"
"MHL","2050","ug/m3",0,"Central_NDC-LTT","WORLD-CTRY"
"MKD","2050","ug/m3",6.30316773559177,"Central_NDC-LTT","WORLD-CTRY"
"MLI","2050","ug/m3",39.4778047347021,"Central_NDC-LTT","WORLD-CTRY"
"MLT","2050","ug/m3",7.3073404881594,"Central_NDC-LTT","WORLD-CTRY"
"MMR","2050","ug/m3",13.8280309684111,"Central_NDC-LTT","WORLD-CTRY"
"MNE","2050","ug/m3",6.44973376937438,"Central_NDC-LTT","WORLD-CTRY"
"MNG","2050","ug/m3",12.9858494555092,"Central_NDC-LTT","WORLD-CTRY"
"MNP","2050","ug/m3",2.0544805599422,"Central_NDC-LTT","WORLD-CTRY"
"MOZ","2050","ug/m3",6.85750160079786,"Central_NDC-LTT","WORLD-CTRY"
"MRT","2050","ug/m3",38.8980301871968,"Central_NDC-LTT","WORLD-CTRY"
"MSR","2050","ug/m3",3.0471352408914,"Central_NDC-LTT","WORLD-CTRY"
"MUS","2050","ug/m3",1.18262294190376,"Central_NDC-LTT","WORLD-CTRY"
"MWI","2050","ug/m3",6.68272542910395,"Central_NDC-LTT","WORLD-CTRY"
"MYS","2050","ug/m3",8.77203311748162,"Central_NDC-LTT","WORLD-CTRY"
"NAM","2050","ug/m3",7.10128215467138,"Central_NDC-LTT","WORLD-CTRY"
"NCL","2050","ug/m3",2.71700940573084,"Central_NDC-LTT","WORLD-CTRY"
"NER","2050","ug/m3",51.3269059924435,"Central_NDC-LTT","WORLD-CTRY"
"NFK","2050","ug/m3",0.635696101833034,"Central_NDC-LTT","WORLD-CTRY"
"NGA","2050","ug/m3",52.4904983538723,"Central_NDC-LTT","WORLD-CTRY"
"NIC","2050","ug/m3",8.47704190212157,"Central_NDC-LTT","WORLD-CTRY"
"NIU","2050","ug/m3",1.25308162926217,"Central_NDC-LTT","WORLD-CTRY"
"NLD","2050","ug/m3",8.0509449370385,"Central_NDC-LTT","WORLD-CTRY"
"NOR","2050","ug/m3",3.22111255172813,"Central_NDC-LTT","WORLD-CTRY"
"NPL","2050","ug/m3",63.9140121330181,"Central_NDC-LTT","WORLD-CTRY"
"NRU","2050","ug/m3",0.12052560630052,"Central_NDC-LTT","WORLD-CTRY"
"NZL","2050","ug/m3",4.7496111933681,"Central_NDC-LTT","WORLD-CTRY"
"OMN","2050","ug/m3",41.1143872519919,"Central_NDC-LTT","WORLD-CTRY"
"PAK","2050","ug/m3",78.0114338863296,"Central_NDC-LTT","WORLD-CTRY"
"PAN","2050","ug/m3",15.4871175923178,"Central_NDC-LTT","WORLD-CTRY"
"PCN","2050","ug/m3",0.183278625661677,"Central_NDC-LTT","WORLD-CTRY"
"PER","2050","ug/m3",8.30270997569947,"Central_NDC-LTT","WORLD-CTRY"
"PHL","2050","ug/m3",5.84527598871072,"Central_NDC-LTT","WORLD-CTRY"
"PLW","2050","ug/m3",1.60051941787097,"Central_NDC-LTT","WORLD-CTRY"
"PNG","2050","ug/m3",5.17409121988794,"Central_NDC-LTT","WORLD-CTRY"
"POL","2050","ug/m3",7.87837042006044,"Central_NDC-LTT","WORLD-CTRY"
"PRI","2050","ug/m3",5.57223063912714,"Central_NDC-LTT","WORLD-CTRY"
"PRK","2050","ug/m3",22.7855324602154,"Central_NDC-LTT","WORLD-CTRY"
"PRT","2050","ug/m3",3.90476707192773,"Central_NDC-LTT","WORLD-CTRY"
"PRY","2050","ug/m3",6.59475037569515,"Central_NDC-LTT","WORLD-CTRY"
"PSX","2050","ug/m3",15.8500099327096,"Central_NDC-LTT","WORLD-CTRY"
"PYF","2050","ug/m3",0.991653715366642,"Central_NDC-LTT","WORLD-CTRY"
"QAT","2050","ug/m3",33.6390241721122,"Central_NDC-LTT","WORLD-CTRY"
"ROU","2050","ug/m3",6.75949508707139,"Central_NDC-LTT","WORLD-CTRY"
"RUS","2050","ug/m3",7.95768640071315,"Central_NDC-LTT","WORLD-CTRY"
"RWA","2050","ug/m3",13.8614915578204,"Central_NDC-LTT","WORLD-CTRY"
"SAH","2050","ug/m3",30.645671952893,"Central_NDC-LTT","WORLD-CTRY"
"SAU","2050","ug/m3",34.674945910411,"Central_NDC-LTT","WORLD-CTRY"
"SDN","2050","ug/m3",24.0642346950305,"Central_NDC-LTT","WORLD-CTRY"
"SDS","2050","ug/m3",0.20500963311085,"Central_NDC-LTT","WORLD-CTRY"
"SEN","2050","ug/m3",35.5688437147453,"Central_NDC-LTT","WORLD-CTRY"
"SGP","2050","ug/m3",20.3791219852769,"Central_NDC-LTT","WORLD-CTRY"
"SGS","2050","ug/m3",1.00049794678412,"Central_NDC-LTT","WORLD-CTRY"
"SHN","2050","ug/m3",1.68599197771642,"Central_NDC-LTT","WORLD-CTRY"
"SLB","2050","ug/m3",2.73514855283875,"Central_NDC-LTT","WORLD-CTRY"
"SLE","2050","ug/m3",27.2818628744681,"Central_NDC-LTT","WORLD-CTRY"
"SLV","2050","ug/m3",14.4559806837218,"Central_NDC-LTT","WORLD-CTRY"
"SMR","2050","ug/m3",7.98583431243897,"Central_NDC-LTT","WORLD-CTRY"
"SOL","2050","ug/m3",14.5689136086595,"Central_NDC-LTT","WORLD-CTRY"
"SOM","2050","ug/m3",9.24564806737834,"Central_NDC-LTT","WORLD-CTRY"
"SPM","2050","ug/m3",0.946206060187945,"Central_NDC-LTT","WORLD-CTRY"
"SRB","2050","ug/m3",7.3739306920976,"Central_NDC-LTT","WORLD-CTRY"
"STP","2050","ug/m3",9.39131478498454,"Central_NDC-LTT","WORLD-CTRY"
"SUR","2050","ug/m3",9.93440538413035,"Central_NDC-LTT","WORLD-CTRY"
"SVK","2050","ug/m3",8.16284708917012,"Central_NDC-LTT","WORLD-CTRY"
"SVN","2050","ug/m3",7.90975463831526,"Central_NDC-LTT","WORLD-CTRY"
"SWE","2050","ug/m3",2.81167205324898,"Central_NDC-LTT","WORLD-CTRY"
"SWZ","2050","ug/m3",14.193259184616,"Central_NDC-LTT","WORLD-CTRY"
"SXM","2050","ug/m3",3.38735189308991,"Central_NDC-LTT","WORLD-CTRY"
"SYC","2050","ug/m3",0.92754076889583,"Central_NDC-LTT","WORLD-CTRY"
"SYR","2050","ug/m3",17.8381120137763,"Central_NDC-LTT","WORLD-CTRY"
"TCA","2050","ug/m3",2.74392226202446,"Central_NDC-LTT","WORLD-CTRY"
"TCD","2050","ug/m3",33.9145047640657,"Central_NDC-LTT","WORLD-CTRY"
"TGO","2050","ug/m3",43.4321802193428,"Central_NDC-LTT","WORLD-CTRY"
"THA","2050","ug/m3",13.3507848531995,"Central_NDC-LTT","WORLD-CTRY"
"TJK","2050","ug/m3",25.3930809108411,"Central_NDC-LTT","WORLD-CTRY"
"TKM","2050","ug/m3",32.033142151587,"Central_NDC-LTT","WORLD-CTRY"
"TLS","2050","ug/m3",5.06018644014402,"Central_NDC-LTT","WORLD-CTRY"
"TON","2050","ug/m3",1.51070448875427,"Central_NDC-LTT","WORLD-CTRY"
"TTO","2050","ug/m3",5.34185881997391,"Central_NDC-LTT","WORLD-CTRY"
"TUN","2050","ug/m3",11.5179316412197,"Central_NDC-LTT","WORLD-CTRY"
"TUR","2050","ug/m3",8.76825489992712,"Central_NDC-LTT","WORLD-CTRY"
"TWN","2050","ug/m3",11.843666467321,"Central_NDC-LTT","WORLD-CTRY"
"TZA","2050","ug/m3",5.74617418779508,"Central_NDC-LTT","WORLD-CTRY"
"UGA","2050","ug/m3",9.68125409646401,"Central_NDC-LTT","WORLD-CTRY"
"UKR","2050","ug/m3",6.18738702332799,"Central_NDC-LTT","WORLD-CTRY"
"URY","2050","ug/m3",3.56831055223523,"Central_NDC-LTT","WORLD-CTRY"
"USA","2050","ug/m3",7.65219856272403,"Central_NDC-LTT","WORLD-CTRY"
"UZB","2050","ug/m3",30.8158307475813,"Central_NDC-LTT","WORLD-CTRY"
"VAT","2050","ug/m3",9.98555660247803,"Central_NDC-LTT","WORLD-CTRY"
"VCT","2050","ug/m3",5.01686377303545,"Central_NDC-LTT","WORLD-CTRY"
"VEN","2050","ug/m3",8.4987396834082,"Central_NDC-LTT","WORLD-CTRY"
"VGB","2050","ug/m3",0.268054589890597,"Central_NDC-LTT","WORLD-CTRY"
"VIR","2050","ug/m3",3.80245703917283,"Central_NDC-LTT","WORLD-CTRY"
"VNM","2050","ug/m3",21.3098961653781,"Central_NDC-LTT","WORLD-CTRY"
"VUT","2050","ug/m3",3.01894515252985,"Central_NDC-LTT","WORLD-CTRY"
"WLF","2050","ug/m3",0.33365556569857,"Central_NDC-LTT","WORLD-CTRY"
"WSM","2050","ug/m3",1.31135057631537,"Central_NDC-LTT","WORLD-CTRY"
"YEM","2050","ug/m3",38.8179446791934,"Central_NDC-LTT","WORLD-CTRY"
"ZAF","2050","ug/m3",10.6830445214418,"Central_NDC-LTT","WORLD-CTRY"
"ZMB","2050","ug/m3",10.1040501026531,"Central_NDC-LTT","WORLD-CTRY"
"ZWE","2050","ug/m3",6.54625707795073,"Central_NDC-LTT","WORLD-CTRY"
